stimulus,feedback_type,fake_feedback,thisN,thisTrialN,thisRepN,slider_initial.response,slider_initial.rt,key_resp.keys,key_resp.rt,key_resp.duration,slider_final.response,slider_final.rt,key_resp_2.keys,trials.thisRepN,trials.thisTrialN,trials.thisN,trials.thisIndex,thisRow.t,notes,Instruction.started,instr_text.started,instr_key.started,Instruction.stopped,instr_key.keys,instr_key.rt,instr_key.duration,InitialRating.started,slider_initial.started,stim_image.started,key_resp.started,rating_prompt.started,stim_image.stopped,InitialRating.stopped,trials.slider_initial.response,trials.slider_initial.rt,trials.key_resp.keys,trials.key_resp.rt,trials.key_resp.duration,Feedback.started,feedback_text.started,Feedback.stopped,ReRating.started,slider_final.started,stim_image2.started,key_resp_2.started,rating_prompt2.started,stim_image2.stopped,ReRating.stopped,trials.slider_final.response,trials.slider_final.rt,trials.key_resp_2.keys,feedback_text.stopped,Debrief.started,debrief_text.started,key_debrief.started,Debrief.stopped,key_debrief.keys,key_debrief.rt,key_debrief.duration,participant,session,date,expName,expVersion,psychopyVersion,frameRate,expStart,
,,,,,,,,,,,,,,,,,,,,0.006677874829620123,0.012162250000983477,0.012162250000983477,18.936702790902928,space,18.750416749855503,None,,,,,,,,,,,,,,,,,,,,,,,,,,,,,,,,,,003,001,2025-11-18_11h43.31.743,Social Echo ,,2025.1.1,None,2025-11-18 11h43.40.734047 +0530,
images/grating_08.jpeg,agree,70.0,0,0,0,15.0,9.32118754205294,space,9.659028583206236,None,73.0,8.727552416967228,None,0,0,0,7,18.978848999831825,,,,,,,,,18.964725874830037,18.978848999831825,19.93112679081969,20.930769707774743,21.433856832794845,21.92240116582252,30.591773207997903,15.0,9.32118754205294,space,9.659028583206236,None,30.596523582935333,30.602995707886294,33.59426120785065,33.62975079077296,33.643612374784425,34.583403082797304,35.58133299998008,37.081597624812275,37.58073812490329,42.36762408283539,73.0,8.727552416967228,None,,,,,,,,,003,001,2025-11-18_11h43.31.743,Social Echo ,,2025.1.1,None,2025-11-18 11h43.40.734047 +0530,
images/grating_07.jpeg,neutral,65.0,1,1,0,21.0,4.131419874960557,space,3.5287088751792908,None,36.0,4.029944709036499,None,0,1,1,6,42.40038333297707,,,,,,,,,42.39356887480244,42.40038333297707,43.35835712496191,44.356089499779046,44.86640670779161,45.34778399998322,47.89048337494023,21.0,4.131419874960557,space,3.5287088751792908,None,47.895213207928464,47.90135720791295,50.88789020781405,50.9247094579041,50.933657749788836,51.88532279082574,52.88815883290954,54.38553054095246,54.87924812478013,54.960652832873166,36.0,4.029944709036499,None,50.933657749788836,,,,,,,,003,001,2025-11-18_11h43.31.743,Social Echo ,,2025.1.1,None,2025-11-18 11h43.40.734047 +0530,
images/grating_09.jpeg,disagree,50.0,2,2,0,49.0,3.608988415915519,space,2.592794042080641,None,27.0,3.672753249993548,None,0,2,2,8,54.97672029095702,,,,,,,,,54.970205707941204,54.97672029095702,55.95170341595076,56.95342737482861,57.45234445785172,57.9467263747938,59.54795041587204,49.0,3.608988415915519,space,2.592794042080641,None,59.55107129085809,59.55763883283362,62.541966082993895,62.55655958293937,62.56646633287892,63.54577774996869,64.543916082941,66.04565504100174,,66.23523283284158,27.0,3.672753249993548,None,62.56646633287892,,,,,,,,003,001,2025-11-18_11h43.31.743,Social Echo ,,2025.1.1,None,2025-11-18 11h43.40.734047 +0530,
images/grating_01.jpeg,neutral,50.0,3,3,0,33.0,2.6672153340186924,space,1.0262210839428008,None,15.0,8.833649541949853,None,0,3,3,0,66.28610399994068,,,,,,,,,66.27934091584757,66.28610399994068,67.22688599978574,68.22974429093301,68.72802912490442,69.21859924984165,69.26431487477385,33.0,2.6672153340186924,space,1.0262210839428008,None,69.26436924980953,69.269329165807,72.2562117499765,72.30792537494563,72.31627537496388,73.25848554098047,74.25748137477785,75.75975154084153,76.24772279080935,81.14783004089259,15.0,8.833649541949853,None,72.31627537496388,,,,,,,,003,001,2025-11-18_11h43.31.743,Social Echo ,,2025.1.1,None,2025-11-18 11h43.40.734047 +0530,
images/grating_04.jpeg,agree,70.0,4,4,0,92.0,3.1497779588680714,space,4.985283999936655,None,97.0,3.275813875021413,None,0,4,4,3,81.19869495788589,,,,,,,,,81.19202529080212,81.19869495788589,82.14111183281057,83.13904987485148,83.64181933295913,84.13142462493852,88.12721066595986,92.0,3.1497779588680714,space,4.985283999936655,None,88.13006754079834,88.1356406249106,91.118612999795,91.17280633281916,91.17888158280402,92.12321062479168,93.12274145777337,,,94.4584855409339,97.0,3.275813875021413,None,91.17888158280402,,,,,,,,003,001,2025-11-18_11h43.31.743,Social Echo ,,2025.1.1,None,2025-11-18 11h43.40.734047 +0530,
images/grating_05.jpeg,disagree,10.0,5,5,0,14.0,2.940595540916547,space,1.1110560011584312,None,16.0,2.5251278751529753,None,0,5,5,4,94.47433383297175,,,,,,,,,94.4679307078477,94.47433383297175,95.44760520779528,96.44785637478344,96.9588584578596,97.44148420798592,97.56709370785393,14.0,2.940595540916547,space,1.1110560011584312,None,97.56951562478207,97.57552649988793,100.56005974998698,100.57356470800005,100.58298599999398,101.55753391585313,102.56466195778921,,,103.10929724993184,16.0,2.5251278751529753,None,100.58298599999398,,,,,,,,003,001,2025-11-18_11h43.31.743,Social Echo ,,2025.1.1,None,2025-11-18 11h43.40.734047 +0530,
images/grating_06.jpeg,neutral,50.0,6,6,0,37.0,3.4145351669285446,space,1.8142814999446273,None,41.0,2.4335520840249956,None,0,6,6,5,103.1348024578765,,,,,,,,,103.12788683292456,103.1348024578765,104.09768883278593,105.10640383278951,105.60578466579318,106.09181258291937,106.92344779078849,37.0,3.4145351669285446,space,1.8142814999446273,None,106.92572179087438,106.93089537485503,109.91867283289321,109.94735583290458,109.95647654100321,110.92337308288552,111.91718541597947,,,112.39011220796965,41.0,2.4335520840249956,None,109.95647654100321,,,,,,,,003,001,2025-11-18_11h43.31.743,Social Echo ,,2025.1.1,None,2025-11-18 11h43.40.734047 +0530,
images/grating_02.jpeg,disagree,20.0,7,7,0,14.0,2.719384916126728,space,1.0154770009685308,None,11.0,3.141686832997948,None,0,7,7,1,112.41378874983639,,,,,,,,,112.40697395778261,112.41378874983639,113.38153108279221,114.38092833291739,114.88405429082923,115.37490154081024,115.3989297079388,14.0,2.719384916126728,space,1.0154770009685308,None,115.40261716581881,115.4081862908788,118.40459670778364,118.41458362480626,118.42032787483186,119.3976150827948,120.38979062484577,,,121.56562733277678,11.0,3.141686832997948,None,,,,,,,,,003,001,2025-11-18_11h43.31.743,Social Echo ,,2025.1.1,None,2025-11-18 11h43.40.734047 +0530,
images/grating_10.jpeg,agree,80.0,8,8,0,97.0,3.974130541086197,space,2.5120083750225604,None,97.0,2.9030421660281718,None,0,8,8,9,121.59165445785038,,,,,,,,,121.5850499579683,121.59165445785038,122.55642724991776,123.55621183291078,124.0557332499884,124.54907445795834,126.07519583287649,97.0,3.974130541086197,space,2.5120083750225604,None,126.07922045793384,126.08481854083948,129.07786099985242,129.1100667079445,129.11860174988396,130.07066424982622,131.07122033298947,,,132.01873749983497,97.0,2.9030421660281718,None,,,,,,,,,003,001,2025-11-18_11h43.31.743,Social Echo ,,2025.1.1,None,2025-11-18 11h43.40.734047 +0530,
images/grating_03.jpeg,agree,80.0,9,9,0,92.0,4.1037147080060095,space,3.047552250092849,None,92.0,2.50356208300218,None,0,9,9,2,132.03959266585298,,,,,,,,,132.0331760828849,132.03959266585298,133.01044491585344,134.01326145790517,134.5121212908998,135.00937833287753,137.0627380828373,92.0,4.1037147080060095,space,3.047552250092849,None,137.06281362497248,137.06800791597925,140.05918383295648,140.07842474989593,140.08809887478128,141.05843349988572,142.05715354089625,,,142.59238941594958,92.0,2.50356208300218,None,140.08809887478128,,,,,,,,003,001,2025-11-18_11h43.31.743,Social Echo ,,2025.1.1,None,2025-11-18 11h43.40.734047 +0530,
images/grating_01.jpeg,neutral,50.0,10,0,1,76.0,2.699002332985401,space,2.183700666995719,None,70.0,3.755430334014818,None,1,0,10,0,142.63612637482584,,,,,,,,,142.6294030409772,142.63612637482584,143.58883912488818,144.58801229088567,145.08662516600452,145.57688779081218,146.7776729578618,76.0,2.699002332985401,space,2.183700666995719,None,146.78031091578305,146.7858564159833,149.77326470799744,149.8281685828697,149.83610770781524,150.774646082893,151.77470816578716,153.2746104579419,,153.5897441660054,70.0,3.755430334014818,None,149.83610770781524,,,,,,,,003,001,2025-11-18_11h43.31.743,Social Echo ,,2025.1.1,None,2025-11-18 11h43.40.734047 +0530,
images/grating_07.jpeg,neutral,65.0,11,1,1,58.0,3.2227769158780575,space,2.3519655000418425,None,21.0,2.476159250130877,None,1,1,11,6,153.61868087481707,,,,,,,,,153.61194766592234,153.61868087481707,154.58340187487192,155.5834845409263,156.0823085408192,156.57257483294234,157.94243291579187,58.0,3.2227769158780575,space,2.3519655000418425,None,157.94510695780627,157.95061258296482,160.94399612490088,160.9785761248786,160.98662466579117,161.93890866590664,162.93679858278483,,,163.460156874964,21.0,2.476159250130877,None,,,,,,,,,003,001,2025-11-18_11h43.31.743,Social Echo ,,2025.1.1,None,2025-11-18 11h43.40.734047 +0530,
images/grating_02.jpeg,disagree,20.0,12,2,1,23.0,2.515382417012006,space,0.8818369591608644,None,12.0,2.575934624997899,None,1,2,12,1,163.47838333295658,,,,,,,,,163.47178549994715,163.47838333295658,164.4552755409386,165.4553652498871,165.95224445778877,,166.33862099982798,23.0,2.515382417012006,space,0.8818369591608644,None,166.3411773329135,166.34691424993798,169.33045395789668,169.35107608279213,169.3605832909234,170.3353501658421,171.3354659578763,,,171.93635987490416,12.0,2.575934624997899,None,169.3605832909234,,,,,,,,003,001,2025-11-18_11h43.31.743,Social Echo ,,2025.1.1,None,2025-11-18 11h43.40.734047 +0530,
images/grating_04.jpeg,agree,70.0,13,3,1,79.0,3.4586286670528352,space,2.2404841668903828,None,92.0,2.565188125008717,None,1,3,13,3,171.97586733289063,,,,,,,,,171.96811174997129,171.97586733289063,172.93324683280662,173.93158179079182,174.43315879092552,174.93237441591918,176.17565758293495,79.0,3.4586286670528352,space,2.2404841668903828,None,176.17827699985355,176.1839546249248,179.1698710829951,179.2223339579068,179.22979791578837,180.16783912479877,181.16831608279608,,,181.79343279078603,92.0,2.565188125008717,None,179.22979791578837,,,,,,,,003,001,2025-11-18_11h43.31.743,Social Echo ,,2025.1.1,None,2025-11-18 11h43.40.734047 +0530,
images/grating_06.jpeg,neutral,50.0,14,4,1,62.0,2.7515300000086427,space,1.6260222499258816,None,43.0,2.40945770801045,None,1,4,14,5,181.81917037488893,,,,,,,,,181.81269795796834,181.81917037488893,182.78666724986397,183.78520604083315,184.28550529084168,184.78470145794563,185.42136008292437,62.0,2.7515300000086427,space,1.6260222499258816,None,185.42391058290377,185.42953079077415,188.41564983292483,188.44904454099014,188.45770966587588,189.41419949987903,190.41793533298187,,,190.86480408278294,43.0,2.40945770801045,None,188.45770966587588,,,,,,,,003,001,2025-11-18_11h43.31.743,Social Echo ,,2025.1.1,None,2025-11-18 11h43.40.734047 +0530,
images/grating_10.jpeg,agree,80.0,15,5,1,100.0,2.7384127920959145,space,1.4758577498141676,None,91.0,2.870476708980277,None,1,5,15,9,190.89054870791733,,,,,,,,,190.88391141593456,190.89054870791733,191.85646020784043,192.85612158291042,193.3563662909437,193.84780758293346,194.3419234158937,100.0,2.7384127920959145,space,1.4758577498141676,None,194.34444324998185,194.3499477498699,197.34619387495331,197.37517499993555,197.38446324993856,198.33759595779702,199.3378784158267,,,200.2522516658064,91.0,2.870476708980277,None,,,,,,,,,003,001,2025-11-18_11h43.31.743,Social Echo ,,2025.1.1,None,2025-11-18 11h43.40.734047 +0530,
images/grating_05.jpeg,disagree,10.0,16,6,1,7.0,2.6264461670070887,space,0.752155999885872,None,15.0,2.3812154168263078,None,1,6,16,4,200.26704504084773,,,,,,,,,200.26029358291999,200.26704504084773,201.24317512498237,202.24557512486354,202.75128216599114,,203.0057922077831,7.0,2.6264461670070887,space,0.752155999885872,None,203.0082839159295,203.01417458290234,205.99848433281295,206.013187749777,206.02325029089116,207.004439790966,208.00486029079184,,,208.40487391594797,15.0,2.3812154168263078,None,206.02325029089116,,,,,,,,003,001,2025-11-18_11h43.31.743,Social Echo ,,2025.1.1,None,2025-11-18 11h43.40.734047 +0530,
images/grating_09.jpeg,disagree,50.0,17,7,1,28.0,7.623275041114539,space,6.210027707973495,None,15.0,2.537435916950926,None,1,7,17,8,208.41810108278878,,,,,,,,,208.41148324985988,208.41810108278878,209.4025979579892,210.40142879099585,210.90145420795307,211.39374541584402,216.61366429086775,28.0,7.623275041114539,space,6.210027707973495,None,216.61634912481532,216.62255799979903,219.61582679091953,219.6263255828526,219.637292874977,220.61000054096803,221.61014004098251,,,222.16913970792666,15.0,2.537435916950926,None,,,,,,,,,003,001,2025-11-18_11h43.31.743,Social Echo ,,2025.1.1,None,2025-11-18 11h43.40.734047 +0530,
images/grating_08.jpeg,agree,70.0,18,8,1,33.0,3.5415714159607887,space,1.8217051669489592,None,49.0,2.6840371671132743,None,1,8,18,7,222.1944203749299,,,,,,,,,222.18762479093857,222.1944203749299,223.16852054093033,224.16049083299004,224.6598573748488,225.1613299997989,225.9856401658617,33.0,3.5415714159607887,space,1.8217051669489592,None,225.98811729089357,225.99356020777486,228.97754095797427,229.00739504094236,229.01632237480953,229.98280599992722,230.982920832932,,,231.6979581657797,49.0,2.6840371671132743,None,229.01632237480953,,,,,,,,003,001,2025-11-18_11h43.31.743,Social Echo ,,2025.1.1,None,2025-11-18 11h43.40.734047 +0530,
images/grating_03.jpeg,agree,80.0,19,9,1,78.0,2.565659249899909,space,0.7012986671179533,None,82.0,2.495486125117168,None,1,9,19,2,231.7148667499423,,,,,,,,,231.70810708287172,231.7148667499423,232.68933020788245,233.6916977497749,234.19169274996966,,234.39863766590133,78.0,2.565659249899909,space,0.7012986671179533,None,234.4012094999198,234.40645316592418,237.4024027909618,237.4194478748832,237.4292589579709,238.39445158280432,239.39243324985728,,,239.92449770797975,82.0,2.495486125117168,None,,,,,,,,,003,001,2025-11-18_11h43.31.743,Social Echo ,,2025.1.1,None,2025-11-18 11h43.40.734047 +0530,
images/grating_07.jpeg,neutral,65.0,20,0,2,42.0,2.874344291863963,space,1.1087810001336038,None,39.0,2.27798741706647,None,2,0,20,6,239.94989154092036,,,,,,,,,239.94365849997848,239.94989154092036,240.91513541596942,241.92198345786892,242.42243604082614,242.9077725408133,243.03397108288482,42.0,2.874344291863963,space,1.1087810001336038,None,243.03645420796238,243.04248929093592,246.02769145788625,246.0595041657798,246.06841087481007,247.02719595795497,248.0290880408138,,,248.34361816593446,39.0,2.27798741706647,None,246.06841087481007,,,,,,,,003,001,2025-11-18_11h43.31.743,Social Echo ,,2025.1.1,None,2025-11-18 11h43.40.734047 +0530,
images/grating_06.jpeg,neutral,50.0,21,1,2,42.0,5.168592749862,space,3.3282244170550257,None,43.0,3.0382380408700556,None,2,1,21,5,248.36893637478352,,,,,,,,,248.36201466596685,248.36893637478352,249.33728049998172,250.33629474998452,250.83536045788787,251.3365010828711,253.67259837477468,42.0,5.168592749862,space,3.3282244170550257,None,253.67516254098155,253.68118795799091,256.6647700408939,256.6960165409837,256.70500141591765,257.66722474992275,258.66439529089257,,,259.7396299999673,43.0,3.0382380408700556,None,256.70500141591765,,,,,,,,003,001,2025-11-18_11h43.31.743,Social Echo ,,2025.1.1,None,2025-11-18 11h43.40.734047 +0530,
images/grating_09.jpeg,disagree,50.0,22,2,2,10.0,2.460043041035533,space,0.6627143330406398,None,14.0,2.2152030419092625,None,2,2,22,8,259.75422012479976,,,,,,,,,259.74762166594155,259.75422012479976,260.734232791001,261.73059712490067,262.2306465408765,,262.4016767498106,10.0,2.460043041035533,space,0.6627143330406398,None,262.4017360408325,262.40774862491526,265.3942097078543,265.40757016581483,265.4174925829284,266.4001339999959,267.3988247078378,,,267.63210433279164,14.0,2.2152030419092625,None,265.4174925829284,,,,,,,,003,001,2025-11-18_11h43.31.743,Social Echo ,,2025.1.1,None,2025-11-18 11h43.40.734047 +0530,
images/grating_01.jpeg,neutral,50.0,23,3,2,29.0,3.448135749902576,space,1.6930352500639856,None,53.0,2.3848135420121253,None,2,3,23,0,267.671119999839,,,,,,,,,267.6642254998442,267.671119999839,268.6265424999874,269.62802133290097,270.12740424997173,270.6183262078557,271.3317401658278,29.0,3.448135749902576,space,1.6930352500639856,None,271.3317929999903,271.33514979085885,274.33204495790415,274.39075558283366,274.3990779579617,275.3259827499278,276.3247008328326,,,276.7812309579458,53.0,2.3848135420121253,None,274.3990779579617,,,,,,,,003,001,2025-11-18_11h43.31.743,Social Echo ,,2025.1.1,None,2025-11-18 11h43.40.734047 +0530,
images/grating_04.jpeg,agree,70.0,24,4,2,None,None,space,6.562875167001039,None,81.0,5.389202042017132,None,2,4,24,3,276.82002270780504,,,,,,,,,276.8133576249238,276.82002270780504,277.77748129097745,278.78003391600214,279.2788312078919,279.7677363748662,285.3450818748679,None,None,space,6.562875167001039,None,285.34778124978766,285.35282458295114,288.3391132079996,288.39003341598436,288.3979831249453,289.3350251659285,290.3346578748897,291.84436849993654,292.32680183299817,293.78542341594584,81.0,5.389202042017132,None,288.3979831249453,,,,,,,,003,001,2025-11-18_11h43.31.743,Social Echo ,,2025.1.1,None,2025-11-18 11h43.40.734047 +0530,
images/grating_03.jpeg,agree,80.0,25,5,2,96.0,2.4835262910928577,space,1.2536587500944734,None,86.0,2.4534514998085797,None,2,5,25,2,293.8027029999066,,,,,,,,,293.7962523328606,293.8027029999066,294.7786049579736,295.77687058295123,296.2786483329255,296.7763743328396,297.03837899980135,96.0,2.4835262910928577,space,1.2536587500944734,None,297.040956457844,297.046627207892,300.03329062485136,300.0534322077874,300.0630420828238,301.03117541596293,302.0326026249677,,,302.5136883328669,86.0,2.4534514998085797,None,300.0630420828238,,,,,,,,003,001,2025-11-18_11h43.31.743,Social Echo ,,2025.1.1,None,2025-11-18 11h43.40.734047 +0530,
images/grating_02.jpeg,disagree,20.0,26,6,2,17.0,2.7004459160380065,space,1.1595665419008583,None,35.0,11.845093792071566,None,2,6,26,1,302.5305373328738,,,,,,,,,302.5244012498297,302.5305373328738,303.5055530408863,304.50574799999595,305.0058348327875,305.4974512499757,305.6672354999464,17.0,2.7004459160380065,space,1.1595665419008583,None,305.66975837480277,305.6751338329632,308.6690220409073,308.68865041597746,308.6987340829801,309.6565384999849,310.6637928748969,312.1553907499183,312.6492225828115,320.5393319998402,35.0,11.845093792071566,None,,,,,,,,,003,001,2025-11-18_11h43.31.743,Social Echo ,,2025.1.1,None,2025-11-18 11h43.40.734047 +0530,
images/grating_10.jpeg,agree,80.0,27,7,2,99.0,2.659811332821846,space,1.2026267510373145,None,99.0,3.242305832915008,None,2,7,27,9,320.56465449999087,,,,,,,,,320.55800366587937,320.56465449999087,321.53274187492207,322.5335388749372,323.03230987489223,323.5307550409343,323.74033570778556,99.0,2.659811332821846,space,1.2026267510373145,None,323.74304262478836,323.748281332897,326.7378191249445,326.76985791581683,326.77871179091744,327.7347444999032,328.7387664578855,,,330.01834008283913,99.0,3.242305832915008,None,326.77871179091744,,,,,,,,003,001,2025-11-18_11h43.31.743,Social Echo ,,2025.1.1,None,2025-11-18 11h43.40.734047 +0530,
images/grating_08.jpeg,agree,70.0,28,8,2,56.0,8.649372207932174,space,7.032496250933036,None,34.0,2.1779478329699486,None,2,8,28,7,330.0436186657753,,,,,,,,,330.0367306249682,330.0436186657753,331.01335974992253,332.01055716583505,332.5114206657745,333.0103342498187,339.0539462908637,56.0,8.649372207932174,space,7.032496250933036,None,339.0564929158427,339.0620565828867,342.0570847077761,342.08448491594754,342.0938507078681,343.05361995799467,344.0513204999734,,,344.2682977907825,34.0,2.1779478329699486,None,,,,,,,,,003,001,2025-11-18_11h43.31.743,Social Echo ,,2025.1.1,None,2025-11-18 11h43.40.734047 +0530,
images/grating_05.jpeg,disagree,10.0,29,9,2,5.0,2.420658583054319,space,0.6387662081979215,None,9.0,2.8924194590654224,None,2,9,29,4,344.28296370781027,,,,,,,,,344.27623362489976,344.28296370781027,345.26021808292717,346.2600229999516,346.7602599579841,,346.9029125829693,5.0,2.420658583054319,space,0.6387662081979215,None,346.90569537482224,346.911158332834,349.898050165968,349.91193304094486,349.9219855410047,350.89605812495574,351.89394854079,,,352.81002787477337,9.0,2.8924194590654224,None,349.9219855410047,,,,,,,,003,001,2025-11-18_11h43.31.743,Social Echo ,,2025.1.1,None,2025-11-18 11h43.40.734047 +0530,
images/grating_01.jpeg,neutral,50.0,30,0,3,23.0,2.8757483328226954,space,3.1059387498535216,None,24.0,3.6930970000103116,None,3,0,30,0,352.8488426657859,,,,,,,,,352.8419241658412,352.8488426657859,353.80851137498394,354.80840458278544,355.30743041587994,355.79759008297697,357.91664229077287,23.0,2.8757483328226954,space,3.1059387498535216,None,357.9192094998434,357.9245641659945,360.9079405409284,360.95331216580234,360.96185937477276,361.9099561658222,362.9112374158576,364.41216979082674,,364.6521065409761,24.0,3.6930970000103116,None,360.96185937477276,,,,,,,,003,001,2025-11-18_11h43.31.743,Social Echo ,,2025.1.1,None,2025-11-18 11h43.40.734047 +0530,
images/grating_08.jpeg,agree,70.0,31,1,3,20.0,2.7727580000646412,space,0.9517558759544045,None,26.0,2.1676983749493957,None,3,1,31,7,364.6776227077935,,,,,,,,,364.6704482079949,364.6776227077935,365.65153983281925,366.64363441593014,367.1433027498424,,367.6057590828277,20.0,2.7727580000646412,space,0.9517558759544045,None,367.6081454998348,367.614140415797,370.6004345410038,370.6306016659364,370.6391804998275,371.5999499578029,372.5970272498671,,,372.808538665995,26.0,2.1676983749493957,None,370.6391804998275,,,,,,,,003,001,2025-11-18_11h43.31.743,Social Echo ,,2025.1.1,None,2025-11-18 11h43.40.734047 +0530,
images/grating_06.jpeg,neutral,50.0,32,2,3,29.0,3.7795424999203533,space,1.8795246670488268,None,29.0,2.349724124884233,None,3,2,32,5,372.8336676659528,,,,,,,,,372.82707704091445,372.8336676659528,373.7974674159195,374.80762874986976,375.30626033293083,375.79039595788345,376.6897504159715,29.0,3.7795424999203533,space,1.8795246670488268,None,376.69235420785844,376.69744916586205,379.68066816590726,379.7121237497777,379.7208677078597,380.688284332864,381.68792537483387,,,382.06843449990265,29.0,2.349724124884233,None,379.7208677078597,,,,,,,,003,001,2025-11-18_11h43.31.743,Social Echo ,,2025.1.1,None,2025-11-18 11h43.40.734047 +0530,
images/grating_07.jpeg,neutral,65.0,33,3,3,18.0,2.8153812079690397,space,1.1551395000424236,None,18.0,2.2671055828686804,None,3,3,33,6,382.0945292909164,,,,,,,,,382.0876351657789,382.0945292909164,383.0612405408174,384.0617936248891,384.56032291590236,385.0514478329569,385.2209861248266,18.0,2.8153812079690397,space,1.1551395000424236,None,385.2236354579218,385.22920791595243,388.2160646659322,388.2363944579847,388.2452942079399,389.2207480829675,390.2119684999343,,,390.5098857078701,18.0,2.2671055828686804,None,388.2452942079399,,,,,,,,003,001,2025-11-18_11h43.31.743,Social Echo ,,2025.1.1,None,2025-11-18 11h43.40.734047 +0530,
images/grating_03.jpeg,agree,80.0,34,4,3,69.0,2.6915613329038024,space,0.885179708013311,None,78.0,1.8777520421426743,None,3,4,34,2,390.52584374998696,,,,,,,,,390.5192541659344,390.52584374998696,391.5044272909872,392.50388495787047,393.00383145781234,,393.3966995407827,69.0,2.6915613329038024,space,0.885179708013311,None,393.39920674986206,393.4048195409123,396.3916125409305,396.40976774995215,396.41907929093577,397.39324716595,,,,398.2933924579993,78.0,1.8777520421426743,None,396.41907929093577,,,,,,,,003,001,2025-11-18_11h43.31.743,Social Echo ,,2025.1.1,None,2025-11-18 11h43.40.734047 +0530,
images/grating_05.jpeg,disagree,10.0,35,5,3,12.0,2.572432667016983,space,0.5922949998639524,None,6.0,2.2182363329920918,None,3,5,35,4,398.30618254095316,,,,,,,,,398.2998518329114,398.30618254095316,399.2852898328565,400.2862903329078,400.7867189159151,,400.88895499985665,12.0,2.572432667016983,space,0.5922949998639524,None,400.8913809999358,400.8973458749242,403.8906736657955,403.90381937497295,403.9142732908949,404.8855194998905,405.88670633290894,,,406.1277236249298,6.0,2.2182363329920918,None,,,,,,,,,003,001,2025-11-18_11h43.31.743,Social Echo ,,2025.1.1,None,2025-11-18 11h43.40.734047 +0530,
images/grating_02.jpeg,disagree,20.0,36,6,3,18.0,2.166720707900822,space,0.24110458395443857,None,16.0,2.077278125099838,None,3,6,36,1,406.14413554081693,,,,,,,,,406.1373403328471,406.14413554081693,407.1267009158619,408.1272869578097,,,408.37221154081635,18.0,2.166720707900822,space,0.24110458395443857,None,408.3747018747963,408.38011033297516,411.36575916595757,411.3843407079112,411.394492499996,412.36811874993145,413.3700322499499,,,413.46813270798884,16.0,2.077278125099838,None,411.394492499996,,,,,,,,003,001,2025-11-18_11h43.31.743,Social Echo ,,2025.1.1,None,2025-11-18 11h43.40.734047 +0530,
images/grating_10.jpeg,agree,80.0,37,7,3,87.0,2.542609457857907,space,0.8232640009373426,None,92.0,2.0785414590500295,None,3,7,37,9,413.4917177078314,,,,,,,,,413.48504366585985,413.4917177078314,414.45997829083353,415.4599144998938,415.9593126249965,,416.28748999978416,87.0,2.542609457857907,space,0.8232640009373426,None,416.29002916580066,416.2957398327999,419.280278874794,419.3066422077827,419.3155617499724,420.27720345789567,421.2860507078003,,,421.39436820778064,92.0,2.0785414590500295,None,419.3155617499724,,,,,,,,003,001,2025-11-18_11h43.31.743,Social Echo ,,2025.1.1,None,2025-11-18 11h43.40.734047 +0530,
images/grating_09.jpeg,disagree,50.0,38,8,3,11.0,3.032853417098522,space,1.14823512500152,None,8.0,2.4333333338145167,None,3,8,38,8,421.4092689577956,,,,,,,,,421.4027464578394,421.4092689577956,422.39263008278795,423.3847574579995,423.8850029159803,424.38803633279167,424.53645395790227,11.0,3.032853417098522,space,1.14823512500152,None,424.5384644579608,424.54343929095194,427.54030916583724,427.55423449981026,427.56411979091354,428.5370597499423,429.52630216581747,,,429.9937041248195,8.0,2.4333333338145167,None,,,,,,,,,003,001,2025-11-18_11h43.31.743,Social Echo ,,2025.1.1,None,2025-11-18 11h43.40.734047 +0530,
images/grating_04.jpeg,agree,70.0,39,9,3,73.0,3.692553292028606,space,1.7655873340554535,None,73.0,2.2171412920579314,None,3,9,39,3,430.0312595409341,,,,,,,,,430.02443937491626,430.0312595409341,430.9890129158739,431.99255212489516,432.49088120786473,432.9822799998801,433.7677586658392,73.0,3.692553292028606,space,1.7655873340554535,None,433.77026758296415,433.775932374876,436.76095520798117,436.8135797078721,436.82139133289456,437.75990962493233,438.76207312499173,,,439.0372566659935,73.0,2.2171412920579314,None,436.82139133289456,,,,,,,,003,001,2025-11-18_11h43.31.743,Social Echo ,,2025.1.1,None,2025-11-18 11h43.40.734047 +0530,
images/grating_07.jpeg,neutral,65.0,40,0,4,70.0,4.061615041922778,space,2.1282686670310795,None,58.0,2.6030075419694185,None,4,0,40,6,439.0652841248084,,,,,,,,,439.058461249806,439.0652841248084,440.02690012496896,441.02725466596894,441.5262093329802,442.01880683284253,443.1602263748646,70.0,4.061615041922778,space,2.1282686670310795,None,443.1625556249637,443.1684847078286,446.16380904079415,446.19442412490025,446.203760957811,447.15866933297366,448.1577579579316,,,448.80751729081385,58.0,2.6030075419694185,None,,,,,,,,,003,001,2025-11-18_11h43.31.743,Social Echo ,,2025.1.1,None,2025-11-18 11h43.40.734047 +0530,
images/grating_05.jpeg,disagree,10.0,41,1,4,None,None,space,5.257019791984931,None,9.0,2.3154648339841515,None,4,1,41,4,448.8219494158402,,,,,,,,,448.8154911249876,448.8219494158402,449.8058316248935,450.8052461249754,451.29905758285895,451.79699970781803,456.0668648330029,None,None,space,5.257019791984931,None,456.06942229089327,456.0749716658611,459.05902049993165,459.07451670779847,459.0842689159326,460.0658127909992,461.05600716592744,,,461.39976495783776,9.0,2.3154648339841515,None,459.0842689159326,,,,,,,,003,001,2025-11-18_11h43.31.743,Social Echo ,,2025.1.1,None,2025-11-18 11h43.40.734047 +0530,
images/grating_01.jpeg,neutral,50.0,42,2,4,70.0,5.179034207947552,space,3.3425650419667363,None,19.0,3.3337580000516027,None,4,2,42,0,461.4383556249086,,,,,,,,,461.4314952499699,461.4383556249086,462.39305191580206,463.39339479082264,463.8933870829642,464.3862170409411,466.7456034158822,70.0,5.179034207947552,space,3.3425650419667363,None,466.74811141588725,466.753509165952,469.74008574988693,469.78838095790707,469.79619920789264,470.73453770787455,471.7351277079433,,,473.1276491659228,19.0,3.3337580000516027,None,469.79619920789264,,,,,,,,003,001,2025-11-18_11h43.31.743,Social Echo ,,2025.1.1,None,2025-11-18 11h43.40.734047 +0530,
images/grating_02.jpeg,disagree,20.0,43,3,4,7.0,2.4618322919122875,space,0.5036759171634912,None,10.0,2.4340947079472244,None,4,3,43,1,473.1465328328777,,,,,,,,,473.1394964158535,473.1465328328777,474.1269102077931,475.12704349984415,475.61753137479536,,475.6349567498546,7.0,2.4618322919122875,space,0.5036759171634912,None,475.6373555827886,475.64316620794125,478.6258417908102,478.6454475829378,478.654598249821,479.62989729084074,480.6270993328653,,,481.08539837482385,10.0,2.4340947079472244,None,478.654598249821,,,,,,,,003,001,2025-11-18_11h43.31.743,Social Echo ,,2025.1.1,None,2025-11-18 11h43.40.734047 +0530,
images/grating_03.jpeg,agree,80.0,44,4,4,81.0,2.9027092498727143,space,0.9943071249872446,None,85.0,2.130018665920943,None,4,4,44,2,481.10164195788093,,,,,,,,,481.09481762489304,481.10164195788093,482.08457612479106,483.084240290802,483.5772019578144,484.0766934999265,484.08905916591175,81.0,2.9027092498727143,space,0.9943071249872446,None,484.09173566591926,484.09777295798995,487.08939870796166,487.1072020828724,487.11734845791943,488.08427570783533,489.0841969999019,,,489.2438497499097,85.0,2.130018665920943,None,,,,,,,,,003,001,2025-11-18_11h43.31.743,Social Echo ,,2025.1.1,None,2025-11-18 11h43.40.734047 +0530,
images/grating_08.jpeg,agree,70.0,45,5,4,60.0,3.499509874964133,space,1.7148553340230137,None,61.0,2.9633184999693185,None,4,5,45,7,489.26995437499136,,,,,,,,,489.2631771247834,489.26995437499136,490.2344797498081,491.23841491597705,491.7372496249154,492.22669033287093,492.9557156248484,60.0,3.499509874964133,space,1.7148553340230137,None,492.95857129083015,492.9647068749182,495.9478681657929,495.9784762908239,495.9876267078798,496.94938170793466,497.9473465408664,,,498.94770233286545,61.0,2.9633184999693185,None,495.9876267078798,,,,,,,,003,001,2025-11-18_11h43.31.743,Social Echo ,,2025.1.1,None,2025-11-18 11h43.40.734047 +0530,
images/grating_04.jpeg,agree,70.0,46,6,4,80.0,2.8747513329144567,space,1.0888313339091837,None,56.0,5.38112383405678,None,4,6,46,3,498.9846292908769,,,,,,,,,498.97775445785373,498.9846292908769,499.9453890409786,500.945271999808,501.44567812490277,501.9348549998831,502.03833299991675,80.0,2.8747513329144567,space,1.0888313339091837,None,502.0384226657916,502.04350754083134,505.03430083277635,505.08166524977423,505.0898421248421,506.03455812484026,507.0264876659494,508.5370426659938,509.026238665916,510.46839012485,56.0,5.38112383405678,None,505.0898421248421,,,,,,,,003,001,2025-11-18_11h43.31.743,Social Echo ,,2025.1.1,None,2025-11-18 11h43.40.734047 +0530,
images/grating_09.jpeg,disagree,50.0,47,7,4,22.0,2.81167283304967,space,4.541077542118728,None,14.0,2.716563291149214,None,4,7,47,8,510.483803082956,,,,,,,,,510.4770716659259,510.483803082956,511.46386104100384,512.461635540938,512.9615770408418,513.4531827499159,517.0040530408733,22.0,2.81167283304967,space,4.541077542118728,None,517.0066662079189,517.009834749857,519.9969912909437,520.0125187498052,520.0186997498386,521.0015405828599,521.9932757499628,,,522.7351184159052,14.0,2.716563291149214,None,520.0186997498386,,,,,,,,003,001,2025-11-18_11h43.31.743,Social Echo ,,2025.1.1,None,2025-11-18 11h43.40.734047 +0530,
images/grating_10.jpeg,agree,80.0,48,8,4,93.0,3.3166921250522137,space,1.6992009170353413,None,88.0,3.010932416887954,None,4,8,48,9,522.760646832874,,,,,,,,,522.7538054159377,522.760646832874,523.7263267498929,524.7282467908226,525.228217124939,525.7182433328126,526.4384872079827,93.0,3.3166921250522137,space,1.6992009170353413,None,526.441072040936,526.4469559157733,529.4411233749706,529.4710357498843,529.4797634577844,530.4315634157974,531.4307137909345,,,532.4886111658998,88.0,3.010932416887954,None,,,,,,,,,003,001,2025-11-18_11h43.31.743,Social Echo ,,2025.1.1,None,2025-11-18 11h43.40.734047 +0530,
images/grating_06.jpeg,neutral,50.0,49,9,4,23.0,4.794295124942437,space,3.0104583750944585,None,20.0,3.2447918329853565,None,4,9,49,5,532.514398082858,,,,,,,,,532.5076086248737,532.514398082858,533.4827298328746,534.4817613749765,534.9805770409293,535.4818034998607,537.5011081248522,23.0,4.794295124942437,space,3.0104583750944585,None,537.5037057909649,537.5096113327891,540.4954085408244,540.5257627498358,540.5343432908412,541.4931443328969,542.4933043329511,,,543.7767362499144,20.0,3.2447918329853565,None,540.5343432908412,,,,,,,,003,001,2025-11-18_11h43.31.743,Social Echo ,,2025.1.1,None,2025-11-18 11h43.40.734047 +0530,
images/grating_01.jpeg,neutral,50.0,50,0,5,16.0,2.5637754590716213,space,0.7035280831623822,None,19.0,2.8186859998386353,None,5,0,50,0,543.8174676247872,,,,,,,,,543.8107417079154,543.8174676247872,544.7742654159665,545.7724738328252,546.2723537909333,,546.4816857909318,16.0,2.5637754590716213,space,0.7035280831623822,None,546.4817454998847,546.4922961657867,549.477631415939,549.5324064157903,549.5405003328342,550.4793135409709,551.4764856249094,,,552.3610344578046,19.0,2.8186859998386353,None,549.5405003328342,,,,,,,,003,001,2025-11-18_11h43.31.743,Social Echo ,,2025.1.1,None,2025-11-18 11h43.40.734047 +0530,
images/grating_09.jpeg,disagree,50.0,51,1,5,10.0,2.6896660409402102,space,9.547413376159966,None,4.0,7.077327833045274,None,5,1,51,8,552.3762896659318,,,,,,,,,552.3700222498737,552.3762896659318,553.3533366248012,554.3518919579219,554.8531951250043,555.3428137907758,563.9053372498602,10.0,2.6896660409402102,space,9.547413376159966,None,563.9054078329355,563.9106453747954,566.899644457968,566.9155381659511,566.9257789158728,567.9008507907856,568.9029195408802,570.4011667908635,570.8951467908919,574.0026647078339,4.0,7.077327833045274,None,566.9257789158728,,,,,,,,003,001,2025-11-18_11h43.31.743,Social Echo ,,2025.1.1,None,2025-11-18 11h43.40.734047 +0530,
images/grating_10.jpeg,agree,80.0,52,2,5,96.0,5.2504912910517305,space,17.814996625995263,None,92.0,3.109788332832977,None,5,2,52,9,574.027350124903,,,,,,,,,574.0208823329303,574.027350124903,574.9929874578957,576.0018893328961,576.50175845786,576.9868468749337,593.8213844578713,96.0,5.2504912910517305,space,17.814996625995263,None,593.8239879158791,593.8298051247839,596.822804707801,596.8550022079144,596.8638168328907,597.8161386658903,598.814496624982,,,599.9751972910017,92.0,3.109788332832977,None,,,,,,,,,003,001,2025-11-18_11h43.31.743,Social Echo ,,2025.1.1,None,2025-11-18 11h43.40.734047 +0530,
images/grating_03.jpeg,agree,80.0,53,3,5,76.0,2.6380059998482466,space,1.5790559998713434,None,71.0,2.4860658750403672,None,5,3,53,2,599.9929977909196,,,,,,,,,599.9867314998992,599.9929977909196,600.9642295408994,601.9639130409341,602.4740079999901,602.9584375829436,603.5498334157746,76.0,2.6380059998482466,space,1.5790559998713434,None,603.5499103749171,603.5555491659325,606.5448482499924,606.563593832776,606.5730252079666,607.5470612079371,608.5468143748585,,,609.0555504160002,71.0,2.4860658750403672,None,606.5730252079666,,,,,,,,003,001,2025-11-18_11h43.31.743,Social Echo ,,2025.1.1,None,2025-11-18 11h43.40.734047 +0530,
images/grating_05.jpeg,disagree,10.0,54,4,5,7.0,3.380763875087723,space,2.4265505839139223,None,5.0,2.3574158328119665,None,5,4,54,4,609.0688225408085,,,,,,,,,609.0624444577843,609.0688225408085,610.0508886249736,611.0465427909512,611.5495118328836,612.0495099159889,613.476492082933,7.0,3.380763875087723,space,2.4265505839139223,None,613.479067124892,613.4851673748344,616.4783529578708,616.4924042078201,616.5024512908421,617.4755638327915,618.4740659999661,,,618.8557415828109,5.0,2.3574158328119665,None,,,,,,,,,003,001,2025-11-18_11h43.31.743,Social Echo ,,2025.1.1,None,2025-11-18 11h43.40.734047 +0530,
images/grating_08.jpeg,agree,70.0,55,5,5,5.0,12.30112124979496,space,10.700069959042594,None,17.0,7.157731250161305,None,5,5,55,7,618.8813712080009,,,,,,,,,618.874432832934,618.8813712080009,619.8470023327973,620.8492478749249,621.3485520409886,621.8419222498778,631.5561479157768,5.0,12.30112124979496,space,10.700069959042594,None,631.5586896659806,631.5641402909532,634.5536988747772,634.5859460409265,634.5947193328757,635.5518162499648,636.5508914999664,638.0531956658233,638.5428742908407,641.7537259159144,17.0,7.157731250161305,None,634.5947193328757,,,,,,,,003,001,2025-11-18_11h43.31.743,Social Echo ,,2025.1.1,None,2025-11-18 11h43.40.734047 +0530,
images/grating_04.jpeg,agree,70.0,56,6,5,67.0,2.9311719161923975,space,2.475635292008519,None,51.0,7.612434916896746,None,5,6,56,3,641.7927170409821,,,,,,,,,641.7859200828243,641.7927170409821,642.747177290963,643.7509257078636,644.2504212497734,644.73842104082,646.2312338748015,67.0,2.9311719161923975,space,2.475635292008519,None,646.2312992908992,646.2419971248601,649.2277737078257,649.2773250828031,649.2852683328092,650.2220837909263,651.2218749998137,652.7253094578627,653.2141872909851,656.9000094998628,51.0,7.612434916896746,None,649.2852683328092,,,,,,,,003,001,2025-11-18_11h43.31.743,Social Echo ,,2025.1.1,None,2025-11-18 11h43.40.734047 +0530,
images/grating_07.jpeg,neutral,65.0,57,7,5,19.0,2.309486874844879,space,1.8896958760451525,None,33.0,2.527933083008975,None,5,7,57,6,656.9276861248072,,,,,,,,,656.9208687078208,656.9276861248072,657.899223457789,658.8988807499409,659.3988363749813,659.8986270409077,660.8002186659724,19.0,2.309486874844879,space,1.8896958760451525,None,660.8029959159903,660.8089622908738,663.8019686248153,663.8351420830004,663.8436491249595,664.7955329997931,665.7945147079881,,,666.36863054079,33.0,2.527933083008975,None,,,,,,,,,003,001,2025-11-18_11h43.31.743,Social Echo ,,2025.1.1,None,2025-11-18 11h43.40.734047 +0530,
images/grating_06.jpeg,neutral,50.0,58,8,5,21.0,3.3502176250331104,space,1.8291024169884622,None,13.0,2.522706165909767,None,5,8,58,5,666.3944207078312,,,,,,,,,666.3874349999242,666.3944207078312,667.3614010829479,668.3595082908869,668.8594775828533,669.3512697909027,670.1935448748991,21.0,3.3502176250331104,space,1.8291024169884622,None,670.1959340828471,670.2015938749537,673.1878084999043,673.2187443329021,673.2277306658216,674.1886961248238,675.1890307909343,,,675.7471109998878,13.0,2.522706165909767,None,673.2277306658216,,,,,,,,003,001,2025-11-18_11h43.31.743,Social Echo ,,2025.1.1,None,2025-11-18 11h43.40.734047 +0530,
images/grating_02.jpeg,disagree,20.0,59,9,5,39.0,14.291001375066116,space,13.136146417120472,None,13.0,2.4454884158913046,None,5,9,59,1,675.7655626249034,,,,,,,,,675.7590931658633,675.7655626249034,676.7399045829661,677.7384247907903,678.2388218329288,678.7318929578178,690.8846208329778,39.0,14.291001375066116,space,13.136146417120472,None,690.887271540938,690.893453624798,693.8873464998323,693.9066764158197,693.9166239998303,694.8787612908054,695.8771403329447,,,696.3618158327881,13.0,2.4454884158913046,None,,,,,,,,,003,001,2025-11-18_11h43.31.743,Social Echo ,,2025.1.1,None,2025-11-18 11h43.40.734047 +0530,
images/grating_02.jpeg,disagree,20.0,60,0,6,10.0,3.01423995802179,space,5.342023501172662,None,9.0,3.4271685408893973,None,6,0,60,1,696.3763934578747,,,,,,,,,696.3699021658394,696.3763934578747,697.3514029579237,698.3511915828567,698.8613000828773,699.3424259577878,703.7048327079974,10.0,3.01423995802179,space,5.342023501172662,None,703.7049089998472,703.7100367499515,706.7082872909959,706.7248360828962,706.7331978329457,707.7031741249375,708.703061790904,,,710.1607602499425,9.0,3.4271685408893973,None,,,,,,,,,003,001,2025-11-18_11h43.31.743,Social Echo ,,2025.1.1,None,2025-11-18 11h43.40.734047 +0530,
images/grating_04.jpeg,agree,70.0,61,1,6,51.0,3.2469641249626875,space,1.999250333989039,None,77.0,4.028874124865979,None,6,1,61,3,710.1993697078433,,,,,,,,,710.192623624811,710.1993697078433,711.1565430408809,712.1547558328602,712.6581920827739,713.1475384158548,714.1595558749977,51.0,3.2469641249626875,space,1.999250333989039,None,714.1621365828905,714.168053915957,717.1617755829357,717.2178953748662,717.225677582901,718.1518880829681,719.1510526658967,720.653077040799,721.1506992499344,721.2525775409304,77.0,4.028874124865979,None,,,,,,,,,003,001,2025-11-18_11h43.31.743,Social Echo ,,2025.1.1,None,2025-11-18 11h43.40.734047 +0530,
images/grating_05.jpeg,disagree,10.0,62,2,6,11.0,2.508914874866605,space,1.0649786670692265,None,15.0,2.291713499929756,None,6,2,62,4,721.2683111659717,,,,,,,,,721.2616094998084,721.2683111659717,722.2426747498102,723.2516992499586,723.7519833748229,724.2361588329077,724.3213048749603,11.0,2.508914874866605,space,1.0649786670692265,None,724.3240737079177,724.3297572908923,727.3149212498683,727.3290128328372,727.3390182908624,728.310443416005,729.3175031249411,,,729.6265349159949,15.0,2.291713499929756,None,727.3390182908624,,,,,,,,003,001,2025-11-18_11h43.31.743,Social Echo ,,2025.1.1,None,2025-11-18 11h43.40.734047 +0530,
images/grating_03.jpeg,agree,80.0,63,3,6,64.0,3.1088114171288908,space,1.6132851250004023,None,64.0,2.711734374985099,None,6,3,63,2,729.6434814999811,,,,,,,,,729.636652165791,729.6434814999811,730.6183719998226,731.618163957959,732.1180762078147,732.6089970828034,733.2385469579604,64.0,3.1088114171288908,space,1.6132851250004023,None,733.2412984999828,733.2470246248413,736.2417861248832,736.2587547497824,736.2683878329117,737.2360079158098,738.2360865829978,,,738.9768447079696,64.0,2.711734374985099,None,,,,,,,,,003,001,2025-11-18_11h43.31.743,Social Echo ,,2025.1.1,None,2025-11-18 11h43.40.734047 +0530,
images/grating_10.jpeg,agree,80.0,64,4,6,65.0,3.958976874826476,space,2.6499672918580472,None,78.0,2.1660046249162406,None,6,4,64,9,739.0022267499007,,,,,,,,,738.9953604999464,739.0022267499007,739.9760030407924,740.9713543748949,741.467423790833,741.9705487908795,743.6293840408325,65.0,3.958976874826476,space,2.6499672918580472,None,743.6294484999962,743.6348917079158,746.620230749948,746.6510622499045,746.6594162909314,747.6225425407756,748.6233590829652,,,748.8225269999821,78.0,2.1660046249162406,None,746.6594162909314,,,,,,,,003,001,2025-11-18_11h43.31.743,Social Echo ,,2025.1.1,None,2025-11-18 11h43.40.734047 +0530,
images/grating_09.jpeg,disagree,50.0,65,5,6,8.0,2.63584570819512,space,0.9911724170669913,None,12.0,2.3292010840959847,None,6,5,65,8,748.8376056659035,,,,,,,,,748.8304983328562,748.8376056659035,749.8166540409438,750.8158684999216,751.3145229998045,751.8054721658118,751.8179142079316,8.0,2.63584570819512,space,0.9911724170669913,None,751.8206393329892,751.8264524578117,754.8173174997792,754.8291693748906,754.8393253749236,755.815723749809,756.8155693749432,,,757.1643235827796,12.0,2.3292010840959847,None,754.8393253749236,,,,,,,,003,001,2025-11-18_11h43.31.743,Social Echo ,,2025.1.1,None,2025-11-18 11h43.40.734047 +0530,
images/grating_06.jpeg,neutral,50.0,66,6,6,34.0,2.3598994999192655,space,1.1526927498634905,None,40.0,2.4201099590864033,None,6,6,66,5,757.1884345409926,,,,,,,,,757.1816239999607,757.1884345409926,758.1547190828715,759.1570996248629,759.6591230409686,760.1484842908103,760.3142089999747,34.0,2.3598994999192655,space,1.1526927498634905,None,760.3142696658615,760.323765040841,763.3101847909857,763.337548165815,763.346790707903,764.3053555828519,765.3050968749449,,,765.764094124781,40.0,2.4201099590864033,None,763.346790707903,,,,,,,,003,001,2025-11-18_11h43.31.743,Social Echo ,,2025.1.1,None,2025-11-18 11h43.40.734047 +0530,
images/grating_07.jpeg,neutral,65.0,67,7,6,16.0,2.465401708846912,space,7.640637666918337,None,21.0,3.801457416964695,None,6,7,67,6,765.7897629579529,,,,,,,,,765.7834780828562,765.7897629579529,766.7554498328827,767.7551848748699,768.2550773748662,768.7474519577809,775.4003867909778,16.0,2.465401708846912,space,7.640637666918337,None,775.4030308749061,775.4089374998584,778.3962702078279,778.4276093328372,778.4354741249699,779.3945369999856,780.3925852908287,781.8960918749217,,782.2349250828847,21.0,3.801457416964695,None,778.4354741249699,,,,,,,,003,001,2025-11-18_11h43.31.743,Social Echo ,,2025.1.1,None,2025-11-18 11h43.40.734047 +0530,
images/grating_01.jpeg,neutral,50.0,68,8,6,24.0,2.9644641659688205,space,1.3893600418232381,None,18.0,2.450896417023614,None,6,8,68,0,782.2743090828881,,,,,,,,,782.2674772909377,782.2743090828881,783.2324477909133,784.2321781658102,784.7307777910028,785.2216074999887,785.6230922078248,24.0,2.9644641659688205,space,1.3893600418232381,None,785.625611832831,785.6305217498448,788.613056999864,788.6584662499372,788.6673164579552,789.6223605407868,790.6136143750045,,,791.114981707884,18.0,2.450896417023614,None,788.6673164579552,,,,,,,,003,001,2025-11-18_11h43.31.743,Social Echo ,,2025.1.1,None,2025-11-18 11h43.40.734047 +0530,
images/grating_08.jpeg,agree,70.0,69,9,6,20.0,3.4890422499738634,space,1.9599344169255346,None,22.0,2.8937727080192417,None,6,9,69,7,791.1424167079385,,,,,,,,,791.1355035000015,791.1424167079385,792.1048906249925,793.1133967498317,793.6133768328,794.1005420407746,795.0837045409717,20.0,3.4890422499738634,space,1.9599344169255346,None,795.086424290901,795.0920489158016,798.086598415859,798.1185871248599,798.1268706659321,799.0790139159653,800.0772705408745,,,801.0183059158735,22.0,2.8937727080192417,None,,,,,,,,,003,001,2025-11-18_11h43.31.743,Social Echo ,,2025.1.1,None,2025-11-18 11h43.40.734047 +0530,
images/grating_08.jpeg,agree,70.0,70,0,7,None,None,space,18.0718914589379,None,17.0,2.463686125120148,None,7,0,70,7,801.0397871248424,,,,,,,,,801.032983624842,801.0397871248424,802.0092472077813,803.0127882908564,803.5120059577748,804.001414040802,821.0891572497785,None,None,space,18.0718914589379,None,821.0892417498399,821.0950596658513,824.0885948329233,824.1174300408456,824.126436999999,825.0809007498901,826.0798874998,,,826.5913970828988,17.0,2.463686125120148,None,824.126436999999,,,,,,,,003,001,2025-11-18_11h43.31.743,Social Echo ,,2025.1.1,None,2025-11-18 11h43.40.734047 +0530,
images/grating_10.jpeg,agree,80.0,71,1,7,68.0,3.4961588750593364,space,2.080564667005092,None,82.0,3.18566987500526,None,7,1,71,9,826.6178505409043,,,,,,,,,826.61086745793,826.6178505409043,827.5802717909683,828.5808177078143,829.0804819997866,829.5739604579285,830.6646285408642,68.0,3.4961588750593364,space,2.080564667005092,None,830.6673076248262,830.6727266248781,833.6625787077937,833.694346165983,833.7028945828788,834.6623118747957,835.6603577497881,,,836.8862564580049,82.0,3.18566987500526,None,833.7028945828788,,,,,,,,003,001,2025-11-18_11h43.31.743,Social Echo ,,2025.1.1,None,2025-11-18 11h43.40.734047 +0530,
images/grating_07.jpeg,neutral,65.0,72,2,7,7.0,3.3367929998785257,space,1.9195854999125004,None,10.0,2.6196979170199484,None,7,2,72,6,836.9125349158421,,,,,,,,,836.9058879998047,836.9125349158421,837.8758257909212,838.8755422078539,839.3759572498966,839.8675313328858,840.7967200409621,7.0,3.3367929998785257,space,1.9195854999125004,None,840.7992832500022,840.8052197499201,843.7881594998762,843.817067165859,843.8259459577966,844.7951413749252,845.79458612483,,,846.4432475829963,10.0,2.6196979170199484,None,843.8259459577966,,,,,,,,003,001,2025-11-18_11h43.31.743,Social Echo ,,2025.1.1,None,2025-11-18 11h43.40.734047 +0530,
images/grating_06.jpeg,neutral,50.0,73,3,7,21.0,2.66633762489073,space,0.9824874589685351,None,27.0,2.0863329998683184,None,7,3,73,5,846.4664496248588,,,,,,,,,846.4598156658467,846.4664496248588,847.4365971249063,848.4374137499835,848.9369929579552,849.4356784578413,849.4301293748431,21.0,2.66633762489073,space,0.9824874589685351,None,849.4319398328662,849.4356784578413,852.4219359999988,852.4531784157734,852.4631904158741,853.4217867909465,854.4230208748486,,,854.5495708328672,27.0,2.0863329998683184,None,852.4631904158741,,,,,,,,003,001,2025-11-18_11h43.31.743,Social Echo ,,2025.1.1,None,2025-11-18 11h43.40.734047 +0530,
images/grating_02.jpeg,disagree,20.0,74,4,7,11.0,2.2644980000332,space,0.553707417100668,None,11.0,2.2517936669755727,None,7,4,74,1,854.5673766247928,,,,,,,,,854.5608140409458,854.5673766247928,855.5466587909032,856.5470287499484,857.0410795409698,,857.1093120828737,11.0,2.2644980000332,space,0.553707417100668,None,857.1120536657982,857.1180003329646,860.1053808748256,860.123293290846,860.1320714578032,861.1083865829278,862.1050763328094,,,862.3808002499864,11.0,2.2517936669755727,None,860.1320714578032,,,,,,,,003,001,2025-11-18_11h43.31.743,Social Echo ,,2025.1.1,None,2025-11-18 11h43.40.734047 +0530,
images/grating_04.jpeg,agree,70.0,75,5,7,80.0,3.3218418329488486,space,4.171111334115267,None,70.0,2.163972958922386,None,7,5,75,3,862.4192509159911,,,,,,,,,862.4121087908279,862.4192509159911,863.3739057078492,864.3740167499054,864.8739724578336,865.3631311249919,868.5505822498817,80.0,3.3218418329488486,space,4.171111334115267,None,868.5530845408794,868.5588144578505,871.5448406247888,871.5983827908058,871.6068223749753,872.5457536659669,873.5442852498963,,,873.7678002498578,70.0,2.163972958922386,None,871.6068223749753,,,,,,,,003,001,2025-11-18_11h43.31.743,Social Echo ,,2025.1.1,None,2025-11-18 11h43.40.734047 +0530,
images/grating_05.jpeg,disagree,10.0,76,6,7,6.0,3.633087709080428,space,3.0023375840391964,None,4.0,2.837613834068179,None,7,6,76,4,873.7830484998412,,,,,,,,,873.776898374781,873.7830484998412,874.7591717077885,875.7588556248229,876.2591029577889,876.7510978749488,878.7723747908603,6.0,3.633087709080428,space,3.0023375840391964,None,878.77521616593,878.7814717500005,881.7685900409706,881.7825712079648,881.7919321248773,882.7714074158575,883.769474749919,,,884.6260210408363,4.0,2.837613834068179,None,881.7919321248773,,,,,,,,003,001,2025-11-18_11h43.31.743,Social Echo ,,2025.1.1,None,2025-11-18 11h43.40.734047 +0530,
images/grating_09.jpeg,disagree,50.0,77,7,7,7.0,2.4464842500165105,space,0.8346412919927388,None,8.0,2.337487625190988,None,7,7,77,8,884.6388164157979,,,,,,,,,884.632454832783,884.6388164157979,885.6172037909273,886.6193607498426,887.1175335829612,,887.4598165829666,7.0,2.4464842500165105,space,0.8346412919927388,None,887.462290499825,887.4677464577835,890.452679665992,890.4638267077971,890.4740469160024,891.4540276248008,892.4521285409573,,,892.8105143329594,8.0,2.337487625190988,None,890.4740469160024,,,,,,,,003,001,2025-11-18_11h43.31.743,Social Echo ,,2025.1.1,None,2025-11-18 11h43.40.734047 +0530,
images/grating_01.jpeg,neutral,50.0,78,8,7,34.0,3.788575208047405,space,2.2113367079291493,None,23.0,2.5832579592242837,None,7,8,78,0,892.8488506658468,,,,,,,,,892.8421405409463,892.8488506658468,893.8056569998153,894.8086830407847,895.3081749158446,895.7966109579429,897.0256777908653,34.0,3.788575208047405,space,2.2113367079291493,None,897.0257542908657,897.0311202909797,900.0273375408724,900.0750468329061,900.0830597078893,901.0241469158791,902.0222184997983,,,902.6640905409586,23.0,2.5832579592242837,None,,,,,,,,,003,001,2025-11-18_11h43.31.743,Social Echo ,,2025.1.1,None,2025-11-18 11h43.40.734047 +0530,
images/grating_03.jpeg,agree,80.0,79,9,7,None,None,space,4.973851541988552,None,80.0,2.178745875135064,None,7,9,79,2,902.6831050408073,,,,,,,,,902.6762458328158,902.6831050408073,903.6632620829623,904.6547948748339,905.1547689579893,905.6550929578952,909.631125040818,None,None,space,4.973851541988552,None,909.6337546659634,909.6392665409949,912.6249809158035,912.6437392078806,912.65347333299,913.631621082779,914.6301375827752,,,914.8323946658056,80.0,2.178745875135064,None,912.65347333299,,,,,,,,003,001,2025-11-18_11h43.31.743,Social Echo ,,2025.1.1,None,2025-11-18 11h43.40.734047 +0530,
images/grating_05.jpeg,disagree,10.0,80,0,8,7.0,2.791322625009343,space,1.1180796248372644,None,12.0,2.0640167088713497,None,8,0,80,4,914.8461358749773,,,,,,,,,914.8394311249722,914.8461358749773,915.8314174998086,916.8303852498066,917.3220659159124,917.8214704159182,917.9583449158818,7.0,2.791322625009343,space,1.1180796248372644,None,917.9610812498722,917.9668159577996,920.9508482499514,920.9624575409107,920.9721395408269,921.9473010408692,922.9554469159339,,,923.0331660408992,12.0,2.0640167088713497,None,920.9721395408269,,,,,,,,003,001,2025-11-18_11h43.31.743,Social Echo ,,2025.1.1,None,2025-11-18 11h43.40.734047 +0530,
images/grating_03.jpeg,agree,80.0,81,1,8,72.0,3.8896417499054223,space,2.2207761669997126,None,74.0,2.4557524169795215,None,8,1,81,2,923.0495345408563,,,,,,,,,923.0426004158799,923.0495345408563,924.0320427077822,925.0314787907992,925.5306439998094,926.0303534159902,927.2556483747903,72.0,3.8896417499054223,space,2.2207761669997126,None,927.2582899578847,927.2637878328096,930.2520315828733,930.2689568749629,930.2790559998248,931.2476121247746,932.2490536249243,,,932.7306315409951,74.0,2.4557524169795215,None,930.2790559998248,,,,,,,,003,001,2025-11-18_11h43.31.743,Social Echo ,,2025.1.1,None,2025-11-18 11h43.40.734047 +0530,
images/grating_04.jpeg,agree,70.0,82,2,8,82.0,2.5736216669902205,space,0.9851222920697182,None,80.0,2.0672177500091493,None,8,2,82,3,932.7687057079747,,,,,,,,,932.7619343327824,932.7687057079747,933.7259264579043,934.7260280000046,935.2265080409124,935.7179735829122,935.712471249979,82.0,2.5736216669902205,space,0.9851222920697182,None,935.7153075409587,935.7179735829122,938.7045702079777,938.7536846247967,938.7627862908412,939.7113059158437,940.7011354158167,,,940.8264916248154,80.0,2.0672177500091493,None,938.7627862908412,,,,,,,,003,001,2025-11-18_11h43.31.743,Social Echo ,,2025.1.1,None,2025-11-18 11h43.40.734047 +0530,
images/grating_07.jpeg,neutral,65.0,83,3,8,20.0,3.214204957941547,space,1.5733285839669406,None,18.0,3.201984625076875,None,8,3,83,6,940.8549856659956,,,,,,,,,940.8482274578419,940.8549856659956,941.8172981659882,942.8176454158965,943.3194435408805,943.8125429579522,944.392804457806,20.0,3.214204957941547,space,1.5733285839669406,None,944.3953418328892,944.4005950829014,947.3891216658521,947.4224615828134,947.4308089998085,948.3892319579609,949.390614082804,,,950.6308090828825,18.0,3.201984625076875,None,947.4308089998085,,,,,,,,003,001,2025-11-18_11h43.31.743,Social Echo ,,2025.1.1,None,2025-11-18 11h43.40.734047 +0530,
images/grating_02.jpeg,disagree,20.0,84,4,8,9.0,2.2165974171366543,space,0.6404843339696527,None,6.0,2.6026227911934257,None,8,4,84,1,950.6490384999197,,,,,,,,,950.6422844578046,950.6490384999197,951.6225192907732,952.6250653748866,953.1247889997903,,953.2676030409057,9.0,2.2165974171366543,space,0.6404843339696527,None,953.2700525829569,953.2759466248099,956.2677195828874,956.286592207849,956.2970226658508,957.2665188328829,958.2637892079074,,,958.8988207078073,6.0,2.6026227911934257,None,,,,,,,,,003,001,2025-11-18_11h43.31.743,Social Echo ,,2025.1.1,None,2025-11-18 11h43.40.734047 +0530,
images/grating_08.jpeg,agree,70.0,85,5,8,14.0,2.422027667053044,space,0.8673664589878172,None,30.0,2.194957665866241,None,8,5,85,7,958.9239812497981,,,,,,,,,958.9171880409122,958.9239812497981,959.8881905828603,960.8970007079188,961.3882542499341,,961.7745130828116,14.0,2.422027667053044,space,0.8673664589878172,None,961.7770021657925,961.7823899157811,964.7769912499934,964.8072571658995,964.816281874897,965.7687809159979,966.7708330829628,,,967.0089597499464,30.0,2.194957665866241,None,,,,,,,,,003,001,2025-11-18_11h43.31.743,Social Echo ,,2025.1.1,None,2025-11-18 11h43.40.734047 +0530,
images/grating_06.jpeg,neutral,50.0,86,6,8,54.0,2.5866077090613544,space,0.9603331668768078,None,51.0,2.784355209209025,None,8,6,86,5,967.0334759159014,,,,,,,,,967.0266146659851,967.0334759159014,968.0011138329282,969.00287212478,969.5035589579493,,969.9706992078573,54.0,2.5866077090613544,space,0.9603331668768078,None,969.9732586659957,969.9787332909182,972.974244624842,973.0042978748679,973.0128018748946,973.965027290862,974.9629863749724,,,975.7982033328153,51.0,2.784355209209025,None,,,,,,,,,003,001,2025-11-18_11h43.31.743,Social Echo ,,2025.1.1,None,2025-11-18 11h43.40.734047 +0530,
images/grating_10.jpeg,agree,80.0,87,7,8,94.0,2.424559458857402,space,0.7665482498705387,None,91.0,2.0605352090205997,None,8,7,87,9,975.8242554159369,,,,,,,,,975.8176329999696,975.8242554159369,976.7883489159867,977.7973917908967,978.2881578749511,,978.5654183328152,94.0,2.424559458857402,space,0.7665482498705387,None,978.5679807078559,978.5737312079873,981.5608607078902,981.5929771249648,981.6017320409883,982.5624864159618,983.5612452079076,,,983.6593652497977,91.0,2.0605352090205997,None,981.6017320409883,,,,,,,,003,001,2025-11-18_11h43.31.743,Social Echo ,,2025.1.1,None,2025-11-18 11h43.40.734047 +0530,
images/grating_01.jpeg,neutral,50.0,88,8,8,17.0,3.1983103749807924,space,1.6084768329747021,None,22.0,4.150907624978572,None,8,8,88,0,983.7001523328945,,,,,,,,,983.6933564159553,983.7001523328945,984.6546360829379,985.6572273329366,986.1571765409317,986.646305832779,987.2727439578157,17.0,3.1983103749807924,space,1.6084768329747021,None,987.2752297078259,987.2803418328986,990.2671400408726,990.315862290794,990.3233547499403,991.2715460408945,992.2630204579327,993.7638612498995,994.2654490829445,994.4721212498844,22.0,4.150907624978572,None,990.3233547499403,,,,,,,,003,001,2025-11-18_11h43.31.743,Social Echo ,,2025.1.1,None,2025-11-18 11h43.40.734047 +0530,
images/grating_09.jpeg,disagree,50.0,89,9,8,8.0,2.643164083128795,space,0.6918175418395549,None,7.0,2.803978499956429,None,8,9,89,8,994.4883464158047,,,,,,,,,994.4815777079202,994.4883464158047,995.4667350410018,996.4636587908026,996.9712448329665,,997.1584388748743,8.0,2.643164083128795,space,0.6918175418395549,None,997.1585152079351,997.163442332996,1000.1468732908834,1000.1618778749835,1000.1715629578102,1001.1549445409328,1002.1469377498142,,,1002.9717361659277,7.0,2.803978499956429,None,1000.1715629578102,,,,,,,,003,001,2025-11-18_11h43.31.743,Social Echo ,,2025.1.1,None,2025-11-18 11h43.40.734047 +0530,
images/grating_06.jpeg,neutral,50.0,90,0,9,10.0,10.01019454211928,space,8.124195167096332,None,51.0,3.4529976670164615,None,9,0,90,5,1002.9961972078308,,,,,,,,,1002.9893668747973,1002.9961972078308,1003.9645732499193,1004.9630949997809,1005.4632613749709,1005.9547447909135,1013.0893546249717,10.0,10.01019454211928,space,8.124195167096332,None,1013.0894197907764,1013.1004791248124,1016.0933044159319,1016.1248477499466,1016.1334797909949,1017.0843072498683,1018.0840334158856,1019.5840063749347,,1019.5842715827748,51.0,3.4529976670164615,None,,,,,,,,,003,001,2025-11-18_11h43.31.743,Social Echo ,,2025.1.1,None,2025-11-18 11h43.40.734047 +0530,
images/grating_01.jpeg,neutral,50.0,91,1,9,72.0,6.142889250069857,space,4.466114749899134,None,64.0,2.431233417009935,None,9,1,91,0,1019.6266859159805,,,,,,,,,1019.6163475408684,1019.6266859159805,1020.5802692079451,1021.5799030829221,1022.0798528329469,1022.5719115829561,1026.0494783329777,72.0,6.142889250069857,space,4.466114749899134,None,1026.0495540408883,1026.054990624776,1029.0397598748095,1029.0865994577762,1029.0952015828807,1030.0423754998483,1031.0433139998931,,,1031.5265747909434,64.0,2.431233417009935,None,1029.0952015828807,,,,,,,,003,001,2025-11-18_11h43.31.743,Social Echo ,,2025.1.1,None,2025-11-18 11h43.40.734047 +0530,
images/grating_04.jpeg,agree,70.0,92,2,9,None,None,space,4.201515833847225,None,92.0,2.5654877081979066,None,9,2,92,3,1031.566681790864,,,,,,,,,1031.5596361248754,1031.566681790864,1032.5216457908973,1033.5251737909857,1034.024893749971,1034.5131017498206,1037.733971624868,None,None,space,4.201515833847225,None,1037.7364812907763,1037.742330207955,1040.7355854159687,1040.7852756658103,1040.7927310829982,1041.7328757499345,1042.7302809159737,,,1043.3564680409618,92.0,2.5654877081979066,None,,,,,,,,,003,001,2025-11-18_11h43.31.743,Social Echo ,,2025.1.1,None,2025-11-18 11h43.40.734047 +0530,
images/grating_02.jpeg,disagree,20.0,93,3,9,13.0,3.59674029215239,space,1.6292967090848833,None,7.0,2.9622656248975545,None,9,3,93,1,1043.3756894997787,,,,,,,,,1043.3693507909775,1043.3756894997787,1044.3464635408018,1045.3551581248175,1045.8556282077916,1046.3386889158282,1046.988986124983,13.0,3.59674029215239,space,1.6292967090848833,None,1046.9914095408749,1046.9969430828933,1049.9814221658744,1050.0014983748551,1050.010557374917,1050.979815249797,1051.9880934997927,,,1052.9732181658037,7.0,2.9622656248975545,None,1050.010557374917,,,,,,,,003,001,2025-11-18_11h43.31.743,Social Echo ,,2025.1.1,None,2025-11-18 11h43.40.734047 +0530,
images/grating_03.jpeg,agree,80.0,94,4,9,91.0,3.339915500022471,space,1.4267106668557972,None,85.0,2.2913682910148054,None,9,4,94,2,1052.99039945798,,,,,,,,,1052.9837534578983,1052.99039945798,1053.9630861659534,1054.963548249798,1055.464921707986,1055.9546025409363,1056.3913657499943,91.0,3.339915500022471,space,1.4267106668557972,None,1056.3939434159547,1056.3993262909353,1059.3872460830025,1059.405238624895,1059.4151684159879,1060.388042874867,1061.3820747078862,,,1061.706359790871,85.0,2.2913682910148054,None,1059.4151684159879,,,,,,,,003,001,2025-11-18_11h43.31.743,Social Echo ,,2025.1.1,None,2025-11-18 11h43.40.734047 +0530,
images/grating_08.jpeg,agree,70.0,95,5,9,79.0,4.232602959033102,space,2.4001845421735197,None,58.0,3.14709904207848,None,9,5,95,7,1061.7318916658405,,,,,,,,,1061.7255689159501,1061.7318916658405,1062.7048191248905,1063.6968029998243,1064.1963067909237,1064.6965051658917,1066.0998957909178,79.0,4.232602959033102,space,2.4001845421735197,None,1066.1025275408756,1066.1081687079277,1069.1009497498162,1069.131987332832,1069.1409356659278,1070.0953974998556,1071.091883665882,,,1072.2847312497906,58.0,3.14709904207848,None,,,,,,,,,003,001,2025-11-18_11h43.31.743,Social Echo ,,2025.1.1,None,2025-11-18 11h43.40.734047 +0530,
images/grating_05.jpeg,disagree,10.0,96,6,9,6.0,3.401707333046943,space,1.8622248340398073,None,8.0,2.3827476671431214,None,9,6,96,4,1072.2995647077914,,,,,,,,,1072.2932342079002,1072.2995647077914,1073.2839263749775,1074.2766692079604,1074.7757658329792,1075.2779574159067,1076.1431029159576,6.0,3.401707333046943,space,1.8622248340398073,None,1076.1458133328706,1076.150994332973,1079.140534290811,1079.155579582788,1079.1658971658908,1080.1342120829504,1081.1346285829786,,,1081.5446477909572,8.0,2.3827476671431214,None,1079.1658971658908,,,,,,,,003,001,2025-11-18_11h43.31.743,Social Echo ,,2025.1.1,None,2025-11-18 11h43.40.734047 +0530,
images/grating_10.jpeg,agree,80.0,97,7,9,92.0,3.287786833010614,space,1.8239762920420617,None,94.0,4.520081416936591,None,9,7,97,9,1081.5704627078958,,,,,,,,,1081.5637519999873,1081.5704627078958,1082.5422114999965,1083.5426272908226,1084.0346970409155,1084.5351504997816,1085.3718324159272,92.0,3.287786833010614,space,1.8239762920420617,None,1085.3744994997978,1085.3803451249842,1088.3636749999132,1088.394203665899,1088.4032955409493,1089.3650511249434,1090.3660207078792,1091.8658853329252,1092.3547117498238,1092.9242727498058,94.0,4.520081416936591,None,1088.4032955409493,,,,,,,,003,001,2025-11-18_11h43.31.743,Social Echo ,,2025.1.1,None,2025-11-18 11h43.40.734047 +0530,
images/grating_09.jpeg,disagree,50.0,98,8,9,6.0,2.7982473329175264,space,2.3694659168832004,None,7.0,2.3415418330114335,None,9,8,98,8,1092.9390853748191,,,,,,,,,1092.932551749982,1092.9390853748191,1093.914124790812,1094.9220229578204,1095.4221132497769,1095.9054709158372,1097.2972408328205,6.0,2.7982473329175264,space,2.3694659168832004,None,1097.299876499921,1097.3051001657732,1100.2942361249588,1100.3085899997968,1100.3188275408465,1101.2902761658188,1102.296339374967,,,1102.6555600408465,7.0,2.3415418330114335,None,1100.3188275408465,,,,,,,,003,001,2025-11-18_11h43.31.743,Social Echo ,,2025.1.1,None,2025-11-18 11h43.40.734047 +0530,
images/grating_07.jpeg,neutral,65.0,99,9,9,14.0,2.8584681251086295,space,1.839979125186801,None,20.0,2.426298249978572,None,9,9,99,6,1102.6817189159337,,,,,,,,,1102.6750527499244,1102.6817189159337,1103.6484645828605,1104.6468618328217,1105.147089582868,1105.6460111248307,1106.4928631659131,14.0,2.8584681251086295,space,1.839979125186801,None,1106.4956861247774,1106.5020851658192,1109.487880999921,1109.5188598749228,1109.5279337079264,1110.4839097498916,1111.4841412499081,,,1111.9511079159565,20.0,2.426298249978572,None,1109.5279337079264,,,,,,,,003,001,2025-11-18_11h43.31.743,Social Echo ,,2025.1.1,None,2025-11-18 11h43.40.734047 +0530,
,,,,,,,,,,,,,,,,,,,,,,,,,,,,,,,,,,,,,,,,,,,,,,,,,,,,,1111.9511863328516,1111.961268707877,1111.961268707877,1112.4901983749587,space,0.5219621669966727,None,003,001,2025-11-18_11h43.31.743,Social Echo ,,2025.1.1,None,2025-11-18 11h43.40.734047 +0530,
