poss,corr_resp,thisN,thisTrialN,thisRepN,key_resp.keys,key_resp.corr,key_resp.rt,key_resp.duration,trials.thisRepN,trials.thisTrialN,trials.thisN,trials.thisIndex,trials_2.thisRepN,trials_2.thisTrialN,trials_2.thisN,trials_2.thisIndex,thisRow.t,notes,Welcome.started,Welcome.stopped,trial.started,fixation.started,line1.started,line2.started,line3.started,line4.started,fixation.stopped,probe.started,key_resp.started,trial.stopped,trials.key_resp.keys,trials.key_resp.corr,trials.key_resp.rt,trials.key_resp.duration,probe.stopped,trials_2.key_resp.keys,trials_2.key_resp.corr,trials_2.key_resp.rt,trials_2.key_resp.duration,Thank_you.started,Thank_you.stopped,participant,session,date,expName,expVersion,psychopyVersion,frameRate,expStart,
,,,,,,,,,,,,,,,,,,,0.006826750002801418,0.006887583062052727,,,,,,,,,,,,,,,,,,,,,,003,001,2025-10-02_17h06.02.506,MotorSequence_learning,,2025.1.1,None,2025-10-02 17h06.17.467493 +0530,
-50,x,0,0,0,x,1,0.918647334096022,None,0,0,0,0,,,,,0.01643545797560364,,,,0.012427708017639816,0.01643545797560364,1.0159936250420287,1.0159936250420287,1.0159936250420287,1.0159936250420287,1.02046158304438,1.9948505830252543,1.9948505830252543,3.089116791030392,x,1,0.918647334096022,None,,,,,,,,003,001,2025-10-02_17h06.02.506,MotorSequence_learning,,2025.1.1,None,2025-10-02 17h06.17.467493 +0530,
150,v,1,1,0,v,1,0.4140790419187397,None,0,1,1,1,,,,,3.0968705830164254,,,,3.0893485830165446,3.0968705830164254,4.087313208030537,4.087313208030537,4.087313208030537,4.087313208030537,4.087313208030537,5.0794336249819025,5.0794336249819025,5.501565583050251,v,1,0.4140790419187397,None,,,,,,,,003,001,2025-10-02_17h06.02.506,MotorSequence_learning,,2025.1.1,None,2025-10-02 17h06.17.467493 +0530,
50,c ,2,2,0,c,0,2.5399086670950055,None,0,2,2,2,,,,,5.509025000035763,,,,5.5019228750607,5.509025000035763,6.50068995798938,6.50068995798938,6.50068995798938,6.50068995798938,6.50068995798938,7.499421708052978,7.499421708052978,10.042467207997106,c,0,2.5399086670950055,None,8.490218457998708,,,,,,,003,001,2025-10-02_17h06.02.506,MotorSequence_learning,,2025.1.1,None,2025-10-02 17h06.17.467493 +0530,
-150,z,3,3,0,z,1,2.1355331250233576,None,0,3,3,3,,,,,10.049885333050042,,,,10.042877666070126,10.049885333050042,11.042282707989216,11.042282707989216,11.042282707989216,11.042282707989216,11.047474958002567,12.042339500039816,12.042339500039816,14.187459625070915,z,1,2.1355331250233576,None,13.032548499992117,,,,,,,003,001,2025-10-02_17h06.02.506,MotorSequence_learning,,2025.1.1,None,2025-10-02 17h06.17.467493 +0530,
-50,x,4,0,1,x,1,0.4872220839606598,None,1,0,4,0,,,,,14.198006541002542,,,,14.188393041025847,14.198006541002542,15.180137500050478,15.180137500050478,15.180137500050478,15.180137500050478,15.19901770807337,16.18452620797325,16.18452620797325,16.677232249989174,x,1,0.4872220839606598,None,,,,,,,,003,001,2025-10-02_17h06.02.506,MotorSequence_learning,,2025.1.1,None,2025-10-02 17h06.17.467493 +0530,
150,v,5,1,1,v,1,0.7276352089829743,None,1,1,5,1,,,,,16.685495208017528,,,,16.677832333021797,16.685495208017528,17.675503708072938,17.675503708072938,17.675503708072938,17.675503708072938,17.680709916050546,18.674971250002272,18.674971250002272,19.412757833022624,v,1,0.7276352089829743,None,,,,,,,,003,001,2025-10-02_17h06.02.506,MotorSequence_learning,,2025.1.1,None,2025-10-02 17h06.17.467493 +0530,
50,c ,6,2,1,c,0,0.7238756669685245,None,1,2,6,2,,,,,19.42177554103546,,,,19.413600165979005,19.42177554103546,20.40887837507762,20.40887837507762,20.40887837507762,20.40887837507762,20.413228125078604,21.404779375065118,21.404779375065118,22.13637425005436,c,0,0.7238756669685245,None,,,,,,,,003,001,2025-10-02_17h06.02.506,MotorSequence_learning,,2025.1.1,None,2025-10-02 17h06.17.467493 +0530,
-150,z,7,3,1,z,1,0.6449244590476155,None,1,3,7,3,,,,,22.145185915986076,,,,22.137188625056297,22.145185915986076,23.126604082994163,23.126604082994163,23.126604082994163,23.126604082994163,23.144360583042726,24.129623500048183,24.129623500048183,24.784432083019055,z,1,0.6449244590476155,None,,,,,,,,003,001,2025-10-02_17h06.02.506,MotorSequence_learning,,2025.1.1,None,2025-10-02 17h06.17.467493 +0530,
-50,x,8,0,2,x,1,0.46719970798585564,None,2,0,8,0,,,,,24.79161291604396,,,,24.78500420798082,24.79161291604396,25.77197916607838,25.77197916607838,25.77197916607838,25.77197916607838,25.7898700410733,26.780344999977387,26.780344999977387,27.260738041019067,x,1,0.46719970798585564,None,,,,,,,,003,001,2025-10-02_17h06.02.506,MotorSequence_learning,,2025.1.1,None,2025-10-02 17h06.17.467493 +0530,
150,v,9,1,2,c,0,0.3270944590913132,None,2,1,9,1,,,,,27.269070125068538,,,,27.261483583017252,27.269070125068538,28.260513290995732,28.260513290995732,28.260513290995732,28.260513290995732,28.260513290995732,29.258297250024043,29.258297250024043,29.58987424999941,c,0,0.3270944590913132,None,,,,,,,,003,001,2025-10-02_17h06.02.506,MotorSequence_learning,,2025.1.1,None,2025-10-02 17h06.17.467493 +0530,
50,c ,10,2,2,c,0,0.5972790420055389,None,2,2,10,2,,,,,29.596662916010246,,,,29.590382165974006,29.596662916010246,30.588459125021473,30.588459125021473,30.588459125021473,30.588459125021473,30.588459125021473,31.582069333060645,31.582069333060645,32.19318558298983,c,0,0.5972790420055389,None,,,,,,,,003,001,2025-10-02_17h06.02.506,MotorSequence_learning,,2025.1.1,None,2025-10-02 17h06.17.467493 +0530,
-150,z,11,3,2,z,1,1.1866969999391586,None,2,3,11,3,,,,,32.20058304106351,,,,32.19354054098949,32.20058304106351,33.184549874975346,33.184549874975346,33.184549874975346,33.184549874975346,33.18975345802028,34.19058216607664,34.19058216607664,35.38642345799599,z,1,1.1866969999391586,None,35.19004516606219,,,,,,,003,001,2025-10-02_17h06.02.506,MotorSequence_learning,,2025.1.1,None,2025-10-02 17h06.17.467493 +0530,
-50,x,12,0,3,x,1,1.062858875025995,None,3,0,12,0,,,,,35.39642608305439,,,,35.387394083081745,35.39642608305439,36.37652283301577,36.37652283301577,36.37652283301577,36.37652283301577,36.394466625060886,37.381342333042994,37.381342333042994,38.45202491607051,x,1,1.062858875025995,None,38.37510125001427,,,,,,,003,001,2025-10-02_17h06.02.506,MotorSequence_learning,,2025.1.1,None,2025-10-02 17h06.17.467493 +0530,
150,v,13,1,3,v,1,0.9245303750503808,None,3,1,13,1,,,,,38.45926570799202,,,,38.45246179099195,38.45926570799202,39.450764833018184,39.450764833018184,39.450764833018184,39.450764833018184,39.45620458305348,40.44968504097778,40.44968504097778,41.37743337498978,v,1,0.9245303750503808,None,,,,,,,,003,001,2025-10-02_17h06.02.506,MotorSequence_learning,,2025.1.1,None,2025-10-02 17h06.17.467493 +0530,
50,c ,14,2,3,c,0,1.1635490839835256,None,3,2,14,2,,,,,41.384953500004485,,,,41.37803433299996,41.384953500004485,42.37326566607226,42.37326566607226,42.37326566607226,42.37326566607226,42.37326566607226,43.374491375056095,43.374491375056095,44.55239195807371,c,0,1.1635490839835256,None,44.36283462506253,,,,,,,003,001,2025-10-02_17h06.02.506,MotorSequence_learning,,2025.1.1,None,2025-10-02 17h06.17.467493 +0530,
-150,z,15,3,3,z,1,1.1548031669808552,None,3,3,15,3,,,,,44.56073541601654,,,,44.55325150000863,44.56073541601654,45.54262575006578,45.54262575006578,45.54262575006578,45.54262575006578,45.560183458030224,46.546238415990956,46.546238415990956,47.703366665984504,z,1,1.1548031669808552,None,47.537685416056775,,,,,,,003,001,2025-10-02_17h06.02.506,MotorSequence_learning,,2025.1.1,None,2025-10-02 17h06.17.467493 +0530,
-50,x,16,0,4,x,1,0.675885875010863,None,4,0,16,0,,,,,47.71398991602473,,,,47.70427462505177,47.71398991602473,48.69634162506554,48.69634162506554,48.69634162506554,48.69634162506554,48.70812312501948,49.70101858302951,49.70101858302951,50.3819121660199,x,1,0.675885875010863,None,,,,,,,,003,001,2025-10-02_17h06.02.506,MotorSequence_learning,,2025.1.1,None,2025-10-02 17h06.17.467493 +0530,
150,v,17,1,4,v,1,0.593025584006682,None,4,1,17,1,,,,,50.388545750058256,,,,50.38240704103373,50.388545750058256,51.374899332993664,51.374899332993664,51.374899332993664,51.374899332993664,51.379658165969886,52.37385700002778,52.37385700002778,52.97706941596698,v,1,0.593025584006682,None,,,,,,,,003,001,2025-10-02_17h06.02.506,MotorSequence_learning,,2025.1.1,None,2025-10-02 17h06.17.467493 +0530,
50,c ,18,2,4,c,0,0.6625937499338761,None,4,2,18,2,,,,,52.9857815830037,,,,52.977737582987174,52.9857815830037,53.96633120800834,53.96633120800834,53.96633120800834,53.96633120800834,53.98409283300862,54.975288166082464,54.975288166082464,55.64436358306557,c,0,0.6625937499338761,None,,,,,,,,003,001,2025-10-02_17h06.02.506,MotorSequence_learning,,2025.1.1,None,2025-10-02 17h06.17.467493 +0530,
-150,z,19,3,4,z,1,0.6161362089915201,None,4,3,19,3,,,,,55.652517458074726,,,,55.645071916049346,55.652517458074726,56.64303454104811,56.64303454104811,56.64303454104811,56.64303454104811,56.64936200005468,57.63770912506152,57.63770912506152,58.26181820803322,z,1,0.6161362089915201,None,,,,,,,,003,001,2025-10-02_17h06.02.506,MotorSequence_learning,,2025.1.1,None,2025-10-02 17h06.17.467493 +0530,
-50,x,20,0,5,x,1,0.5570005419431254,None,5,0,20,0,,,,,58.27030887501314,,,,58.262719833059236,58.27030887501314,59.26112970802933,59.26112970802933,59.26112970802933,59.26112970802933,59.26112970802933,60.25869175000116,60.25869175000116,60.82748950005043,x,1,0.5570005419431254,None,,,,,,,,003,001,2025-10-02_17h06.02.506,MotorSequence_learning,,2025.1.1,None,2025-10-02 17h06.17.467493 +0530,
150,v,21,1,5,v,1,0.6246724169468507,None,5,1,21,1,,,,,60.83484224998392,,,,60.828047041082755,60.83484224998392,61.8169695410179,61.8169695410179,61.8169695410179,61.8169695410179,61.83445462503005,62.826643916079774,62.826643916079774,63.462041457998566,v,1,0.6246724169468507,None,,,,,,,,003,001,2025-10-02_17h06.02.506,MotorSequence_learning,,2025.1.1,None,2025-10-02 17h06.17.467493 +0530,
50,c ,22,2,5,c,0,0.6682322499109432,None,5,2,22,2,,,,,63.47103254101239,,,,63.46298575005494,63.47103254101239,64.45458212506492,64.45458212506492,64.45458212506492,64.45458212506492,64.46591958298814,65.45827283302788,65.45827283302788,66.12951658305246,c,0,0.6682322499109432,None,,,,,,,,003,001,2025-10-02_17h06.02.506,MotorSequence_learning,,2025.1.1,None,2025-10-02 17h06.17.467493 +0530,
-150,z,23,3,5,z,1,0.5182101670652628,None,5,3,23,3,,,,,66.13848387508187,,,,66.13035550003406,66.13848387508187,67.12626312498469,67.12626312498469,67.12626312498469,67.12626312498469,67.13127866596915,68.12432479101699,68.12432479101699,68.64697254099883,z,1,0.5182101670652628,None,,,,,,,,003,001,2025-10-02_17h06.02.506,MotorSequence_learning,,2025.1.1,None,2025-10-02 17h06.17.467493 +0530,
-50,x,24,0,6,x,1,0.5827232509618625,None,6,0,24,0,,,,,68.65408933302388,,,,68.64744754100684,68.65408933302388,69.64302254107315,69.64302254107315,69.64302254107315,69.64302254107315,69.64822558301967,70.64178433304187,70.64178433304187,71.22944791603368,x,1,0.5827232509618625,None,,,,,,,,003,001,2025-10-02_17h06.02.506,MotorSequence_learning,,2025.1.1,None,2025-10-02 17h06.17.467493 +0530,
150,v,25,1,6,v,1,1.0335874169832096,None,6,1,25,1,,,,,71.2375032909913,,,,71.23018720804248,71.2375032909913,72.2226304160431,72.2226304160431,72.2226304160431,72.2226304160431,72.23470274999272,73.22341320803389,73.22341320803389,74.2708817080129,v,1,1.0335874169832096,None,74.21167112502735,,,,,,,003,001,2025-10-02_17h06.02.506,MotorSequence_learning,,2025.1.1,None,2025-10-02 17h06.17.467493 +0530,
50,c ,26,2,6,c,0,0.6792038748972118,None,6,2,26,2,,,,,74.27973012498114,,,,74.2717105000047,74.27973012498114,75.268497165991,75.268497165991,75.268497165991,75.268497165991,75.27413254103158,76.26811925007496,76.26811925007496,76.9499488750007,c,0,0.6792038748972118,None,,,,,,,,003,001,2025-10-02_17h06.02.506,MotorSequence_learning,,2025.1.1,None,2025-10-02 17h06.17.467493 +0530,
-150,z,27,3,6,z,1,0.608963750069961,None,6,3,27,3,,,,,76.95686395803932,,,,76.95034404098988,76.95686395803932,77.94108150003012,77.94108150003012,77.94108150003012,77.94108150003012,77.94662562501617,78.94025391608011,78.94025391608011,79.56090979103465,z,1,0.608963750069961,None,,,,,,,,003,001,2025-10-02_17h06.02.506,MotorSequence_learning,,2025.1.1,None,2025-10-02 17h06.17.467493 +0530,
-50,x,28,0,7,x,1,0.7040591669501737,None,7,0,28,0,,,,,79.56902766600251,,,,79.56156658299733,79.56902766600251,80.55890804098453,80.55890804098453,80.55890804098453,80.55890804098453,80.55890804098453,81.54920737503562,81.54920737503562,82.25924554106314,x,1,0.7040591669501737,None,,,,,,,,003,001,2025-10-02_17h06.02.506,MotorSequence_learning,,2025.1.1,None,2025-10-02 17h06.17.467493 +0530,
150,v,29,1,7,v,1,0.7491948339156806,None,7,1,29,1,,,,,82.2677936659893,,,,82.26017716596834,82.2677936659893,83.2590308750514,83.2590308750514,83.2590308750514,83.2590308750514,83.26430012506898,84.25897008297034,84.25897008297034,85.01278724998701,v,1,0.7491948339156806,None,,,,,,,,003,001,2025-10-02_17h06.02.506,MotorSequence_learning,,2025.1.1,None,2025-10-02 17h06.17.467493 +0530,
50,c ,30,2,7,c,0,0.6477933750720695,None,7,2,30,2,,,,,85.02101991605014,,,,85.01351399999112,85.02101991605014,86.00773166597355,86.00773166597355,86.00773166597355,86.00773166597355,86.01378433301579,87.00732391607016,87.00732391607016,87.66801650007255,c,0,0.6477933750720695,None,,,,,,,,003,001,2025-10-02_17h06.02.506,MotorSequence_learning,,2025.1.1,None,2025-10-02 17h06.17.467493 +0530,
-150,z,31,3,7,z,1,1.2507654998917133,None,7,3,31,3,,,,,87.67519429104868,,,,87.6683581660036,87.67519429104868,88.6659788750112,88.6659788750112,88.6659788750112,88.6659788750112,88.6659788750112,89.66720737505239,89.66720737505239,90.9286662080558,z,1,1.2507654998917133,None,90.65347250003833,,,,,,,003,001,2025-10-02_17h06.02.506,MotorSequence_learning,,2025.1.1,None,2025-10-02 17h06.17.467493 +0530,
-50,x,32,0,8,x,1,0.7749468750553206,None,8,0,32,0,,,,,90.93724620807916,,,,90.92958054097835,90.93724620807916,91.92621212499216,91.92621212499216,91.92621212499216,91.92621212499216,91.93139958300162,92.92491625004914,92.92491625004914,93.7048525409773,x,1,0.7749468750553206,None,,,,,,,,003,001,2025-10-02_17h06.02.506,MotorSequence_learning,,2025.1.1,None,2025-10-02 17h06.17.467493 +0530,
150,v,33,1,8,v,1,0.6407276670215651,None,8,1,33,1,,,,,93.71252779103816,,,,93.7053368750494,93.71252779103816,94.7012035830412,94.7012035830412,94.7012035830412,94.7012035830412,94.70643350004684,95.69814537500497,95.69814537500497,96.34342954098247,v,1,0.6407276670215651,None,,,,,,,,003,001,2025-10-02_17h06.02.506,MotorSequence_learning,,2025.1.1,None,2025-10-02 17h06.17.467493 +0530,
50,c ,34,2,8,c,0,0.5650805420009419,None,8,2,34,2,,,,,96.3535468330374,,,,96.34430733299814,96.3535468330374,97.34221000003163,97.34221000003163,97.34221000003163,97.34221000003163,97.34730012505315,98.33275929105002,98.33275929105002,98.90414391597733,c,0,0.5650805420009419,None,,,,,,,,003,001,2025-10-02_17h06.02.506,MotorSequence_learning,,2025.1.1,None,2025-10-02 17h06.17.467493 +0530,
-150,z,35,3,8,z,1,0.6179958750726655,None,8,3,35,3,,,,,98.91194808296859,,,,98.9046112500364,98.91194808296859,99.8999272499932,99.8999272499932,99.8999272499932,99.8999272499932,99.90482716599945,100.90143520804122,100.90143520804122,101.52479829103686,z,1,0.6179958750726655,None,,,,,,,,003,001,2025-10-02_17h06.02.506,MotorSequence_learning,,2025.1.1,None,2025-10-02 17h06.17.467493 +0530,
-50,x,36,0,9,x,1,1.389259917079471,None,9,0,36,0,,,,,101.53263070806861,,,,101.52567808306776,101.53263070806861,102.51985879102722,102.51985879102722,102.51985879102722,102.51985879102722,102.52530883299187,103.51537162507884,103.51537162507884,104.91720270807855,x,1,1.389259917079471,None,104.503920749994,,,,,,,003,001,2025-10-02_17h06.02.506,MotorSequence_learning,,2025.1.1,None,2025-10-02 17h06.17.467493 +0530,
150,v,37,1,9,v,1,0.992487208917737,None,9,1,37,1,,,,,104.92457375000231,,,,104.91766404104419,104.92457375000231,105.90811179101001,105.90811179101001,105.90811179101001,105.90811179101001,105.9126557080308,106.91506245802157,106.91506245802157,107.91371166601311,v,1,0.992487208917737,None,107.90741087507922,,,,,,,003,001,2025-10-02_17h06.02.506,MotorSequence_learning,,2025.1.1,None,2025-10-02 17h06.17.467493 +0530,
50,c ,38,2,9,c,0,1.0732771669281647,None,9,2,38,2,,,,,107.92125966597814,,,,107.91421966603957,107.92125966597814,108.90963374997955,108.90963374997955,108.90963374997955,108.90963374997955,108.91523716598749,109.92817533307243,109.92817533307243,111.00900612503756,c,0,1.0732771669281647,None,110.92616779101081,,,,,,,003,001,2025-10-02_17h06.02.506,MotorSequence_learning,,2025.1.1,None,2025-10-02 17h06.17.467493 +0530,
-150,z,39,3,9,z,1,0.6119724590098485,None,9,3,39,3,,,,,111.01559654099401,,,,111.00987558299676,111.01559654099401,111.99775037507061,111.99775037507061,111.99775037507061,111.99775037507061,112.01501404098235,112.99546804104466,112.99546804104466,113.61948183306959,z,1,0.6119724590098485,None,,,,,,,,003,001,2025-10-02_17h06.02.506,MotorSequence_learning,,2025.1.1,None,2025-10-02 17h06.17.467493 +0530,
-50,x,40,0,10,x,1,0.4459183750441298,None,10,0,40,0,,,,,113.62773904099595,,,,113.62026825000066,113.62773904099595,114.61671358300373,114.61671358300373,114.61671358300373,114.61671358300373,114.61671358300373,115.61448987503536,115.61448987503536,116.0632265410386,x,1,0.4459183750441298,None,,,,,,,,003,001,2025-10-02_17h06.02.506,MotorSequence_learning,,2025.1.1,None,2025-10-02 17h06.17.467493 +0530,
150,v,41,1,10,v,1,0.51438941701781,None,10,1,41,1,,,,,116.07095650001429,,,,116.06376300007105,116.07095650001429,117.05927287507802,117.05927287507802,117.05927287507802,117.05927287507802,117.06447800004389,118.05887608299963,118.05887608299963,118.58019508305006,v,1,0.51438941701781,None,,,,,,,,003,001,2025-10-02_17h06.02.506,MotorSequence_learning,,2025.1.1,None,2025-10-02 17h06.17.467493 +0530,
50,c ,42,2,10,c,0,0.5767456670291722,None,10,2,42,2,,,,,118.58768925000913,,,,118.5806812500814,118.58768925000913,119.58618300000671,119.58618300000671,119.58618300000671,119.58618300000671,119.58618300000671,120.57549658301286,120.57549658301286,121.1562758750515,c,0,0.5767456670291722,None,,,,,,,,003,001,2025-10-02_17h06.02.506,MotorSequence_learning,,2025.1.1,None,2025-10-02 17h06.17.467493 +0530,
-150,z,43,3,10,z,1,0.5402416249271482,None,10,3,43,3,,,,,121.1629753750749,,,,121.15671324997675,121.1629753750749,122.15784391597845,122.15784391597845,122.15784391597845,122.15784391597845,122.15784391597845,123.15186162502505,123.15186162502505,123.69816975004505,z,1,0.5402416249271482,None,,,,,,,,003,001,2025-10-02_17h06.02.506,MotorSequence_learning,,2025.1.1,None,2025-10-02 17h06.17.467493 +0530,
-50,x,44,0,11,x,1,0.7776917499722913,None,11,0,44,0,,,,,123.70501970802434,,,,123.69869379105512,123.70501970802434,124.69009466597345,124.69009466597345,124.69009466597345,124.69009466597345,124.6961790410569,125.69840695802122,125.69840695802122,126.48588595807087,x,1,0.7776917499722913,None,,,,,,,,003,001,2025-10-02_17h06.02.506,MotorSequence_learning,,2025.1.1,None,2025-10-02 17h06.17.467493 +0530,
150,v,45,1,11,v,1,0.6972065418958664,None,11,1,45,1,,,,,126.49370608304162,,,,126.48627766605932,126.49370608304162,127.48334216605872,127.48334216605872,127.48334216605872,127.48334216605872,127.4878696660744,128.48484749998897,128.48484749998897,129.18830587505363,v,1,0.6972065418958664,None,,,,,,,,003,001,2025-10-02_17h06.02.506,MotorSequence_learning,,2025.1.1,None,2025-10-02 17h06.17.467493 +0530,
50,c ,46,2,11,c,0,1.299685167032294,None,11,2,46,2,,,,,129.19703170796856,,,,129.18916120799258,129.19703170796856,130.18328991602175,130.18328991602175,130.18328991602175,130.18328991602175,130.18795333302114,131.17929262504913,131.17929262504913,132.48014104098547,c,0,1.299685167032294,None,132.17600974999368,,,,,,,003,001,2025-10-02_17h06.02.506,MotorSequence_learning,,2025.1.1,None,2025-10-02 17h06.17.467493 +0530,
-150,z,47,3,11,z,1,0.7817309169331565,None,11,3,47,3,,,,,132.4877000830602,,,,132.4805761249736,132.4877000830602,133.47602237504907,133.47602237504907,133.47602237504907,133.47602237504907,133.48214774997905,134.47315533307847,134.47315533307847,135.25791854097042,z,1,0.7817309169331565,None,,,,,,,,003,001,2025-10-02_17h06.02.506,MotorSequence_learning,,2025.1.1,None,2025-10-02 17h06.17.467493 +0530,
-50,x,48,0,12,x,1,0.5682258339365944,None,12,0,48,0,,,,,135.26525225001387,,,,135.25839929108042,135.26525225001387,136.25456729100551,136.25456729100551,136.25456729100551,136.25456729100551,136.25456729100551,137.254672916024,137.254672916024,137.82931250007823,x,1,0.5682258339365944,None,,,,,,,,003,001,2025-10-02_17h06.02.506,MotorSequence_learning,,2025.1.1,None,2025-10-02 17h06.17.467493 +0530,
150,v,49,1,12,v,1,0.48951941705308855,None,12,1,49,1,,,,,137.83716329105664,,,,137.82977275003213,137.83716329105664,138.82584812503774,138.82584812503774,138.82584812503774,138.82584812503774,138.8306399580324,139.82523708301596,139.82523708301596,140.3290370000759,v,1,0.48951941705308855,None,,,,,,,,003,001,2025-10-02_17h06.02.506,MotorSequence_learning,,2025.1.1,None,2025-10-02 17h06.17.467493 +0530,
50,c ,50,2,12,c,0,1.0083649170119315,None,12,2,50,2,,,,,140.33776566607412,,,,140.32985508302227,140.33776566607412,141.32529599999543,141.32529599999543,141.32529599999543,141.32529599999543,141.3299770830199,142.3254231660394,142.3254231660394,143.33716766606085,c,0,1.0083649170119315,None,143.31981800007634,,,,,,,003,001,2025-10-02_17h06.02.506,MotorSequence_learning,,2025.1.1,None,2025-10-02 17h06.17.467493 +0530,
-150,z,51,3,12,z,1,0.7453271669801325,None,12,3,51,3,,,,,143.3453410830116,,,,143.33790895796847,143.3453410830116,144.33314804104157,144.33314804104157,144.33314804104157,144.33314804104157,144.33776400005445,145.3343599580694,145.3343599580694,146.08470745803788,z,1,0.7453271669801325,None,,,,,,,,003,001,2025-10-02_17h06.02.506,MotorSequence_learning,,2025.1.1,None,2025-10-02 17h06.17.467493 +0530,
-50,x,52,0,13,x,1,0.5595829170197248,None,13,0,52,0,,,,,146.09171354107093,,,,146.0850661250297,146.09171354107093,147.08248483308125,147.08248483308125,147.08248483308125,147.08248483308125,147.08248483308125,148.07599083299283,148.07599083299283,148.63769025006332,x,1,0.5595829170197248,None,,,,,,,,003,001,2025-10-02_17h06.02.506,MotorSequence_learning,,2025.1.1,None,2025-10-02 17h06.17.467493 +0530,
150,v,53,1,13,v,1,0.637011417071335,None,13,1,53,1,,,,,148.64963250001892,,,,148.63799475005362,148.64963250001892,149.63334454107098,149.63334454107098,149.63334454107098,149.63334454107098,149.6380121660186,150.62854466598947,150.62854466598947,151.26659000001382,v,1,0.637011417071335,None,,,,,,,,003,001,2025-10-02_17h06.02.506,MotorSequence_learning,,2025.1.1,None,2025-10-02 17h06.17.467493 +0530,
50,c ,54,2,13,c,0,0.5767892090370879,None,13,2,54,2,,,,,151.2710652910173,,,,151.26698716601823,151.2710652910173,152.26411683298647,152.26411683298647,152.26411683298647,152.26411683298647,152.26411683298647,153.26472766604275,153.26472766604275,153.84674979106057,c,0,0.5767892090370879,None,,,,,,,,003,001,2025-10-02_17h06.02.506,MotorSequence_learning,,2025.1.1,None,2025-10-02 17h06.17.467493 +0530,
-150,z,55,3,13,z,1,0.5754368749912828,None,13,3,55,3,,,,,153.85402920807246,,,,153.84712608298287,153.85402920807246,154.84121241606772,154.84121241606772,154.84121241606772,154.84121241606772,154.84631470800377,155.84294404101092,155.84294404101092,156.4275837080786,z,1,0.5754368749912828,None,,,,,,,,003,001,2025-10-02_17h06.02.506,MotorSequence_learning,,2025.1.1,None,2025-10-02 17h06.17.467493 +0530,
-50,x,56,0,14,x,1,0.5325942509807646,None,14,0,56,0,,,,,156.43659837497398,,,,156.42829525005072,156.43659837497398,157.4210510830162,157.4210510830162,157.4210510830162,157.4210510830162,157.43197137501556,158.42471795796882,158.42471795796882,158.96123870799784,x,1,0.5325942509807646,None,,,,,,,,003,001,2025-10-02_17h06.02.506,MotorSequence_learning,,2025.1.1,None,2025-10-02 17h06.17.467493 +0530,
150,v,57,1,14,v,1,0.8366737919859588,None,14,1,57,1,,,,,158.9702545000473,,,,158.96205225004815,158.9702545000473,159.95898262504488,159.95898262504488,159.95898262504488,159.95898262504488,159.9653149159858,160.95060679106973,160.95060679106973,161.79468266607728,v,1,0.8366737919859588,None,,,,,,,,003,001,2025-10-02_17h06.02.506,MotorSequence_learning,,2025.1.1,None,2025-10-02 17h06.17.467493 +0530,
50,c ,58,2,14,c,0,0.616587208933197,None,14,2,58,2,,,,,161.8037438329775,,,,161.7955555000808,161.8037438329775,162.79363729106262,162.79363729106262,162.79363729106262,162.79363729106262,162.79905320797116,163.7916373750195,163.7916373750195,164.41775945806876,c,0,0.616587208933197,None,,,,,,,,003,001,2025-10-02_17h06.02.506,MotorSequence_learning,,2025.1.1,None,2025-10-02 17h06.17.467493 +0530,
-150,z,59,3,14,z,1,0.6716634589247406,None,14,3,59,3,,,,,164.4251999160042,,,,164.41828958305996,164.4251999160042,165.41479695797898,165.41479695797898,165.41479695797898,165.41479695797898,165.41479695797898,166.41651170805562,166.41651170805562,167.09009312500712,z,1,0.6716634589247406,None,,,,,,,,003,001,2025-10-02_17h06.02.506,MotorSequence_learning,,2025.1.1,None,2025-10-02 17h06.17.467493 +0530,
-50,x,60,0,15,x,1,0.6332602920010686,None,15,0,60,0,,,,,167.0975515000755,,,,167.09060679096729,167.0975515000755,168.07924437499605,168.07924437499605,168.07924437499605,168.07924437499605,168.09585687506478,169.07979766605422,169.07979766605422,169.71814666606952,x,1,0.6332602920010686,None,,,,,,,,003,001,2025-10-02_17h06.02.506,MotorSequence_learning,,2025.1.1,None,2025-10-02 17h06.17.467493 +0530,
150,v,61,1,15,v,1,0.7169023749884218,None,15,1,61,1,,,,,169.72649195801932,,,,169.71896395797376,169.72649195801932,170.70932441600598,170.70932441600598,170.70932441600598,170.70932441600598,170.71457329101395,171.71620116604026,171.71620116604026,172.43599083297886,v,1,0.7169023749884218,None,,,,,,,,003,001,2025-10-02_17h06.02.506,MotorSequence_learning,,2025.1.1,None,2025-10-02 17h06.17.467493 +0530,
50,c ,62,2,15,c,0,0.4389141669962555,None,15,2,62,2,,,,,172.44609533296898,,,,172.43673979106825,172.44609533296898,173.43387766601518,173.43387766601518,173.43387766601518,173.43387766601518,173.43906437500846,174.4270797080826,174.4270797080826,174.87698462500703,c,0,0.4389141669962555,None,,,,,,,,003,001,2025-10-02_17h06.02.506,MotorSequence_learning,,2025.1.1,None,2025-10-02 17h06.17.467493 +0530,
-150,z,63,3,15,z,1,0.5165038330014795,None,15,3,63,3,,,,,174.88518591597676,,,,174.8776506660506,174.88518591597676,175.87417933298275,175.87417933298275,175.87417933298275,175.87417933298275,175.87417933298275,176.87538583297282,176.87538583297282,177.40065783297177,z,1,0.5165038330014795,None,,,,,,,,003,001,2025-10-02_17h06.02.506,MotorSequence_learning,,2025.1.1,None,2025-10-02 17h06.17.467493 +0530,
-50,x,64,0,16,x,1,0.5283343330956995,None,16,0,64,0,,,,,177.40787112503313,,,,177.40105824999046,177.40787112503313,178.39887124998495,178.39887124998495,178.39887124998495,178.39887124998495,178.39887124998495,179.38752850005403,179.38752850005403,179.91765404096805,x,1,0.5283343330956995,None,,,,,,,,003,001,2025-10-02_17h06.02.506,MotorSequence_learning,,2025.1.1,None,2025-10-02 17h06.17.467493 +0530,
150,v,65,1,16,v,1,0.6601022499380633,None,16,1,65,1,,,,,179.921749791014,,,,179.91812849999405,179.921749791014,180.9156526250299,180.9156526250299,180.9156526250299,180.9156526250299,180.9156526250299,181.91667170799337,181.91667170799337,182.58507279097103,v,1,0.6601022499380633,None,,,,,,,,003,001,2025-10-02_17h06.02.506,MotorSequence_learning,,2025.1.1,None,2025-10-02 17h06.17.467493 +0530,
50,c ,66,2,16,c,0,0.47685450105927885,None,16,2,66,2,,,,,182.59248437499627,,,,182.5854444160359,182.59248437499627,183.57604266598355,183.57604266598355,183.57604266598355,183.57604266598355,183.5810319579905,184.58090583304875,184.58090583304875,185.0713369579753,c,0,0.47685450105927885,None,,,,,,,,003,001,2025-10-02_17h06.02.506,MotorSequence_learning,,2025.1.1,None,2025-10-02 17h06.17.467493 +0530,
-150,z,67,3,16,z,1,0.5478520840406418,None,16,3,67,3,,,,,185.08016141597182,,,,185.0721512499731,185.08016141597182,186.06413233303465,186.06413233303465,186.06413233303465,186.06413233303465,186.07748279103544,187.06785545800813,187.06785545800813,187.6198068750091,z,1,0.5478520840406418,None,,,,,,,,003,001,2025-10-02_17h06.02.506,MotorSequence_learning,,2025.1.1,None,2025-10-02 17h06.17.467493 +0530,
-50,x,68,0,17,x,1,0.45598258392419666,None,17,0,68,0,,,,,187.62875516607892,,,,187.62065279099625,187.62875516607892,188.61686720803846,188.61686720803846,188.61686720803846,188.61686720803846,188.62113962497097,189.6146387499757,189.6146387499757,190.07622962503228,x,1,0.45598258392419666,None,,,,,,,,003,001,2025-10-02_17h06.02.506,MotorSequence_learning,,2025.1.1,None,2025-10-02 17h06.17.467493 +0530,
150,v,69,1,17,v,1,0.5947774579981342,None,17,1,69,1,,,,,190.08361874998081,,,,190.07669725001324,190.08361874998081,191.0762507080799,191.0762507080799,191.0762507080799,191.0762507080799,191.0762507080799,192.07476345798932,192.07476345798932,192.6780913330149,v,1,0.5947774579981342,None,,,,,,,,003,001,2025-10-02_17h06.02.506,MotorSequence_learning,,2025.1.1,None,2025-10-02 17h06.17.467493 +0530,
50,c ,70,2,17,c,0,0.49326641706284136,None,17,2,70,2,,,,,192.687526624999,,,,192.6790270410711,192.687526624999,193.67629841598682,193.67629841598682,193.67629841598682,193.67629841598682,193.68150504108053,194.67322320805397,194.67322320805397,195.1805445830105,c,0,0.49326641706284136,None,,,,,,,,003,001,2025-10-02_17h06.02.506,MotorSequence_learning,,2025.1.1,None,2025-10-02 17h06.17.467493 +0530,
-150,z,71,3,17,z,1,0.6168520000064746,None,17,3,71,3,,,,,195.18929962499533,,,,195.1813944580499,195.18929962499533,196.1772443749942,196.1772443749942,196.1772443749942,196.1772443749942,196.18278933304828,197.18155658303294,197.18155658303294,197.8113780830754,z,1,0.6168520000064746,None,,,,,,,,003,001,2025-10-02_17h06.02.506,MotorSequence_learning,,2025.1.1,None,2025-10-02 17h06.17.467493 +0530,
-50,x,72,0,18,x,1,0.46454549999907613,None,18,0,72,0,,,,,197.82009133300744,,,,197.81228433304932,197.82009133300744,198.81004050001502,198.81004050001502,198.81004050001502,198.81004050001502,198.81632304098457,199.80492416606285,199.80492416606285,200.27341104100924,x,1,0.46454549999907613,None,,,,,,,,003,001,2025-10-02_17h06.02.506,MotorSequence_learning,,2025.1.1,None,2025-10-02 17h06.17.467493 +0530,
150,v,73,1,18,v,1,0.5033165010390803,None,18,1,73,1,,,,,200.27994508307893,,,,200.27392141602468,200.27994508307893,201.26332616608124,201.26332616608124,201.26332616608124,201.26332616608124,201.27508175000548,202.27604479098227,202.27604479098227,202.78576558304485,v,1,0.5033165010390803,None,,,,,,,,003,001,2025-10-02_17h06.02.506,MotorSequence_learning,,2025.1.1,None,2025-10-02 17h06.17.467493 +0530,
50,c ,74,2,18,x,0,4.305846375063993,None,18,2,74,2,,,,,202.79354091605637,,,,202.7861662079813,202.79354091605637,203.78530537500046,203.78530537500046,203.78530537500046,203.78530537500046,203.7911329580238,204.78326066606678,204.78326066606678,209.1031642500311,x,0,4.305846375063993,None,205.7736242080573,,,,,,,003,001,2025-10-02_17h06.02.506,MotorSequence_learning,,2025.1.1,None,2025-10-02 17h06.17.467493 +0530,
-150,z,75,3,18,z,1,0.5604754589730874,None,18,3,75,3,,,,,209.11301820806693,,,,209.1040794160217,209.11301820806693,210.1005762909772,210.1005762909772,210.1005762909772,210.1005762909772,210.1060294159688,211.09959287499078,211.09959287499078,211.66244591597933,z,1,0.5604754589730874,None,,,,,,,,003,001,2025-10-02_17h06.02.506,MotorSequence_learning,,2025.1.1,None,2025-10-02 17h06.17.467493 +0530,
-50,x,76,0,19,x,1,0.5851470000343397,None,19,0,76,0,,,,,211.6702703749761,,,,211.6629060000414,211.6702703749761,212.65735966607463,212.65735966607463,212.65735966607463,212.65735966607463,212.66266258305404,213.6538799579721,213.6538799579721,214.24264795798808,x,1,0.5851470000343397,None,,,,,,,,003,001,2025-10-02_17h06.02.506,MotorSequence_learning,,2025.1.1,None,2025-10-02 17h06.17.467493 +0530,
150,v,77,1,19,v,1,0.7405274169286713,None,19,1,77,1,,,,,214.25073750002775,,,,214.2433907079976,214.25073750002775,215.23612520797178,215.23612520797178,215.23612520797178,215.23612520797178,215.24150725000072,216.24044375005178,216.24044375005178,216.9853953330312,v,1,0.7405274169286713,None,,,,,,,,003,001,2025-10-02_17h06.02.506,MotorSequence_learning,,2025.1.1,None,2025-10-02 17h06.17.467493 +0530,
50,c ,78,2,19,c,0,0.6442350000143051,None,19,2,78,2,,,,,216.99460724997334,,,,216.98591875005513,216.99460724997334,217.9835793330567,217.9835793330567,217.9835793330567,217.9835793330567,217.9835793330567,218.98275325004943,218.98275325004943,219.62926087505184,c,0,0.6442350000143051,None,,,,,,,,003,001,2025-10-02_17h06.02.506,MotorSequence_learning,,2025.1.1,None,2025-10-02 17h06.17.467493 +0530,
-150,z,79,3,19,z,1,0.7480238750576973,None,19,3,79,3,,,,,219.63772462506313,,,,219.6300550410524,219.63772462506313,220.62271058303304,220.62271058303304,220.62271058303304,220.62271058303304,220.63459020806476,221.6258206659695,221.6258206659695,222.38573099998757,z,1,0.7480238750576973,None,,,,,,,,003,001,2025-10-02_17h06.02.506,MotorSequence_learning,,2025.1.1,None,2025-10-02 17h06.17.467493 +0530,
-50,x,80,0,20,x,1,1.233000166947022,None,20,0,80,0,,,,,222.39494487503543,,,,222.3864437500015,222.39494487503543,223.37571283301804,223.37571283301804,223.37571283301804,223.37571283301804,223.3932560000103,224.38376441597939,224.38376441597939,225.62235000007786,x,1,1.233000166947022,None,225.3825130830519,,,,,,,003,001,2025-10-02_17h06.02.506,MotorSequence_learning,,2025.1.1,None,2025-10-02 17h06.17.467493 +0530,
150,v,81,1,20,v,1,0.797679541981779,None,20,1,81,1,,,,,225.6298757500481,,,,225.6228630830301,225.6298757500481,226.61841758305673,226.61841758305673,226.61841758305673,226.61841758305673,226.62405837501865,227.6130478749983,227.6130478749983,228.41547300003003,v,1,0.797679541981779,None,,,,,,,,003,001,2025-10-02_17h06.02.506,MotorSequence_learning,,2025.1.1,None,2025-10-02 17h06.17.467493 +0530,
50,c ,82,2,20,x,0,3.8800603749696165,None,20,2,82,2,,,,,228.4221219579922,,,,228.41595462500118,228.4221219579922,229.40747075004037,229.40747075004037,229.40747075004037,229.40747075004037,229.41277583304327,230.40690475003794,230.40690475003794,234.29235245799646,x,0,3.8800603749696165,None,231.4046124999877,,,,,,,003,001,2025-10-02_17h06.02.506,MotorSequence_learning,,2025.1.1,None,2025-10-02 17h06.17.467493 +0530,
-150,z,83,3,20,z,1,1.0789383329683915,None,20,3,83,3,,,,,234.29958250001073,,,,234.29276816605125,234.29958250001073,235.29119875002652,235.29119875002652,235.29119875002652,235.29119875002652,235.29119875002652,236.29197562497575,236.29197562497575,237.37675958301406,z,1,1.0789383329683915,None,237.28210904099979,,,,,,,003,001,2025-10-02_17h06.02.506,MotorSequence_learning,,2025.1.1,None,2025-10-02 17h06.17.467493 +0530,
-50,x,84,0,21,x,1,0.5961177080171183,None,21,0,84,0,,,,,237.3859884160338,,,,237.37745895807166,237.3859884160338,238.36568116606213,238.36568116606213,238.36568116606213,238.36568116606213,238.38320179097354,239.37376337498426,239.37376337498426,239.97967570798937,x,1,0.5961177080171183,None,,,,,,,,003,001,2025-10-02_17h06.02.506,MotorSequence_learning,,2025.1.1,None,2025-10-02 17h06.17.467493 +0530,
150,v,85,1,21,v,1,1.0813240420538932,None,21,1,85,1,,,,,239.98955362499692,,,,239.98054079106078,239.98955362499692,240.9723566659959,240.9723566659959,240.9723566659959,240.9723566659959,240.98465079104062,241.97148108307738,241.97148108307738,243.05861812504008,v,1,1.0813240420538932,None,242.9736947499914,,,,,,,003,001,2025-10-02_17h06.02.506,MotorSequence_learning,,2025.1.1,None,2025-10-02 17h06.17.467493 +0530,
50,c ,86,2,21,c,0,0.7882506670430303,None,21,2,86,2,,,,,243.067247375031,,,,243.05945437506307,243.067247375031,244.0509353330126,244.0509353330126,244.0509353330126,244.0509353330126,244.05615416599903,245.05743166606408,245.05743166606408,245.85275608301163,c,0,0.7882506670430303,None,,,,,,,,003,001,2025-10-02_17h06.02.506,MotorSequence_learning,,2025.1.1,None,2025-10-02 17h06.17.467493 +0530,
-150,z,87,3,21,z,1,0.9587228329619393,None,21,3,87,3,,,,,245.86279258306604,,,,245.85370691597927,245.86279258306604,246.84624145796988,246.84624145796988,246.84624145796988,246.84624145796988,246.85859112499747,247.85190262505785,247.85190262505785,248.82111800007988,z,1,0.9587228329619393,None,,,,,,,,003,001,2025-10-02_17h06.02.506,MotorSequence_learning,,2025.1.1,None,2025-10-02 17h06.17.467493 +0530,
-50,x,88,0,22,x,1,0.5455077500082552,None,22,0,88,0,,,,,248.82919425005093,,,,248.8216811249731,248.82919425005093,249.81767004099675,249.81767004099675,249.81767004099675,249.81767004099675,249.8230956250336,250.81614574999548,250.81614574999548,251.36694129102398,x,1,0.5455077500082552,None,,,,,,,,003,001,2025-10-02_17h06.02.506,MotorSequence_learning,,2025.1.1,None,2025-10-02 17h06.17.467493 +0530,
150,v,89,1,22,v,1,0.9964020010083914,None,22,1,89,1,,,,,251.37431083305273,,,,251.3674131659791,251.37431083305273,252.36652958299965,252.36652958299965,252.36652958299965,252.36652958299965,252.36652958299965,253.36407820798922,253.36407820798922,254.36565575003624,v,1,0.9964020010083914,None,254.36403950001113,,,,,,,003,001,2025-10-02_17h06.02.506,MotorSequence_learning,,2025.1.1,None,2025-10-02 17h06.17.467493 +0530,
50,c ,90,2,22,c,0,0.5129817919805646,None,22,2,90,2,,,,,254.37378145800903,,,,254.36646979104262,254.37378145800903,255.35840416606516,255.35840416606516,255.35840416606516,255.35840416606516,255.36295316601172,256.35848875006195,256.35848875006195,256.8797859160695,c,0,0.5129817919805646,None,,,,,,,,003,001,2025-10-02_17h06.02.506,MotorSequence_learning,,2025.1.1,None,2025-10-02 17h06.17.467493 +0530,
-150,z,91,3,22,z,1,0.8328632080228999,None,22,3,91,3,,,,,256.8899214999983,,,,256.8806702500442,256.8899214999983,257.87725458305795,257.87725458305795,257.87725458305795,257.87725458305795,257.8834435000317,258.8755202910397,258.8755202910397,259.7122797910124,z,1,0.8328632080228999,None,,,,,,,,003,001,2025-10-02_17h06.02.506,MotorSequence_learning,,2025.1.1,None,2025-10-02 17h06.17.467493 +0530,
-50,x,92,0,23,x,1,0.48142562597058713,None,23,0,92,0,,,,,259.72046700003557,,,,259.7130504579982,259.72046700003557,260.705314166029,260.705314166029,260.705314166029,260.705314166029,260.71756937506143,261.7079028330045,261.7079028330045,262.2002489999868,x,1,0.48142562597058713,None,,,,,,,,003,001,2025-10-02_17h06.02.506,MotorSequence_learning,,2025.1.1,None,2025-10-02 17h06.17.467493 +0530,
150,v,93,1,23,v,1,0.9278890420682728,None,23,1,93,1,,,,,262.20690437499434,,,,262.2005690410733,262.20690437499434,263.1875853750389,263.1875853750389,263.1875853750389,263.1875853750389,263.2054481250234,264.2002833330771,264.2002833330771,265.1306990829762,v,1,0.9278890420682728,None,,,,,,,,003,001,2025-10-02_17h06.02.506,MotorSequence_learning,,2025.1.1,None,2025-10-02 17h06.17.467493 +0530,
50,c ,94,2,23,c,0,0.5435787499882281,None,23,2,94,2,,,,,265.1380992080085,,,,265.1311708750436,265.1380992080085,266.1277025829768,266.1277025829768,266.1277025829768,266.1277025829768,266.13343825004995,267.1225744159892,267.1225744159892,267.67538500006776,c,0,0.5435787499882281,None,,,,,,,,003,001,2025-10-02_17h06.02.506,MotorSequence_learning,,2025.1.1,None,2025-10-02 17h06.17.467493 +0530,
-150,z,95,3,23,z,1,0.5707332500023767,None,23,3,95,3,,,,,267.68281050003134,,,,267.67581716598943,267.68281050003134,268.66471791605,268.66471791605,268.66471791605,268.66471791605,268.6820174580207,269.6643524579704,269.6643524579704,270.2371584160719,z,1,0.5707332500023767,None,,,,,,,,003,001,2025-10-02_17h06.02.506,MotorSequence_learning,,2025.1.1,None,2025-10-02 17h06.17.467493 +0530,
-50,x,96,0,24,x,1,0.6432803759817034,None,24,0,96,0,,,,,270.25063200003933,,,,270.2375959160272,270.25063200003933,271.23454279103316,271.23454279103316,271.23454279103316,271.23454279103316,271.23974433296826,272.2327606660547,272.2327606660547,272.8799856660189,x,1,0.6432803759817034,None,,,,,,,,003,001,2025-10-02_17h06.02.506,MotorSequence_learning,,2025.1.1,None,2025-10-02 17h06.17.467493 +0530,
150,v,97,1,24,v,1,0.9271644169930369,None,24,1,97,1,,,,,272.8874288330553,,,,272.88046070805285,272.8874288330553,273.87437283305917,273.87437283305917,273.87437283305917,273.87437283305917,273.87921037501656,274.8698528750101,274.8698528750101,275.8004625000758,v,1,0.9271644169930369,None,,,,,,,,003,001,2025-10-02_17h06.02.506,MotorSequence_learning,,2025.1.1,None,2025-10-02 17h06.17.467493 +0530,
50,c ,98,2,24,c,0,0.529999417020008,None,24,2,98,2,,,,,275.8076457079733,,,,275.8008122079773,275.8076457079733,276.79255679098424,276.79255679098424,276.79255679098424,276.79255679098424,276.79754887497984,277.79902245802805,277.79902245802805,278.3351866659941,c,0,0.529999417020008,None,,,,,,,,003,001,2025-10-02_17h06.02.506,MotorSequence_learning,,2025.1.1,None,2025-10-02 17h06.17.467493 +0530,
-150,z,99,3,24,z,1,0.6182426670566201,None,24,3,99,3,,,,,278.3429287910694,,,,278.33579254103824,278.3429287910694,279.33203695807606,279.33203695807606,279.33203695807606,279.33203695807606,279.33203695807606,280.3306114580482,280.3306114580482,280.9585267910734,z,1,0.6182426670566201,None,,,,,,,,003,001,2025-10-02_17h06.02.506,MotorSequence_learning,,2025.1.1,None,2025-10-02 17h06.17.467493 +0530,
-150,z,0,0,0,z,1,0.7587595420191064,None,,,,,0,0,0,3,280.97344604099635,,,,280.9663858329877,280.97344604099635,281.9592067080084,281.9592067080084,281.9592067080084,281.9592067080084,281.96420904097613,282.95793808298185,282.95793808298185,283.7190116250422,,,,,,z,1,0.7587595420191064,None,,,003,001,2025-10-02_17h06.02.506,MotorSequence_learning,,2025.1.1,None,2025-10-02 17h06.17.467493 +0530,
50,c ,1,1,0,c,0,0.9645932920975611,None,,,,,0,1,1,2,283.7271313329693,,,,283.71969645807985,283.7271313329693,284.7092132080579,284.7092132080579,284.7092132080579,284.7092132080579,284.7271158749936,285.7152508330764,285.7152508330764,286.6868402910186,,,,,,c,0,0.9645932920975611,None,,,003,001,2025-10-02_17h06.02.506,MotorSequence_learning,,2025.1.1,None,2025-10-02 17h06.17.467493 +0530,
50,c ,2,2,1,c,0,0.6186920839827508,None,,,,,1,2,2,2,286.6942407080205,,,,286.6873289999785,286.6942407080205,287.6850320000667,287.6850320000667,287.6850320000667,287.6850320000667,287.6913025410613,288.6830099580111,288.6830099580111,289.3076126660453,,,,,,c,0,0.6186920839827508,None,,,003,001,2025-10-02_17h06.02.506,MotorSequence_learning,,2025.1.1,None,2025-10-02 17h06.17.467493 +0530,
-150,z,3,3,1,z,1,0.982276375987567,None,,,,,1,3,3,3,289.31516520807054,,,,289.30813920800574,289.31516520807054,290.2964064159896,290.2964064159896,290.2964064159896,290.2964064159896,290.31324908300303,291.2983210000675,291.2983210000675,292.2852701250231,,,,,292.2954633330228,z,1,0.982276375987567,None,,,003,001,2025-10-02_17h06.02.506,MotorSequence_learning,,2025.1.1,None,2025-10-02 17h06.17.467493 +0530,
50,c ,4,4,2,c,0,0.8573588749859482,None,,,,,2,4,4,2,292.2954633330228,,,,292.2860719159944,292.2954633330228,293.28535808296874,293.28535808296874,293.28535808296874,293.28535808296874,293.28535808296874,294.2791181249777,294.2791181249777,295.14268225000706,,,,,,c,0,0.8573588749859482,None,,,003,001,2025-10-02_17h06.02.506,MotorSequence_learning,,2025.1.1,None,2025-10-02 17h06.17.467493 +0530,
-50,x,5,5,0,x,1,0.7590354590211064,None,,,,,0,5,5,0,295.1499627500307,,,,295.1431634579785,295.1499627500307,296.13528595806565,296.13528595806565,296.13528595806565,296.13528595806565,296.1406877080444,297.1374834580347,297.1374834580347,297.90458341606427,,,,,,x,1,0.7590354590211064,None,,,003,001,2025-10-02_17h06.02.506,MotorSequence_learning,,2025.1.1,None,2025-10-02 17h06.17.467493 +0530,
-150,z,6,6,2,z,1,0.756469834013842,None,,,,,2,6,6,3,297.91250225005206,,,,297.9050939580193,297.91250225005206,298.89572470798157,298.89572470798157,298.89572470798157,298.89572470798157,298.9063758329721,299.89989450003486,299.89989450003486,300.67046254104935,,,,,,z,1,0.756469834013842,None,,,003,001,2025-10-02_17h06.02.506,MotorSequence_learning,,2025.1.1,None,2025-10-02 17h06.17.467493 +0530,
-50,x,7,7,1,x,1,1.0493221670622006,None,,,,,1,7,7,0,300.67953841597773,,,,300.6713361659786,300.67953841597773,301.66289354104083,301.66289354104083,301.66289354104083,301.66289354104083,301.6748242500471,302.66695870796684,302.66695870796684,303.72715825005434,,,,,303.66687266598456,x,1,1.0493221670622006,None,,,003,001,2025-10-02_17h06.02.506,MotorSequence_learning,,2025.1.1,None,2025-10-02 17h06.17.467493 +0530,
150,v,8,8,0,v,1,1.0485261669382453,None,,,,,0,8,8,1,303.7372200830141,,,,303.7278789160773,303.7372200830141,304.72162637498695,304.72162637498695,304.72162637498695,304.72162637498695,304.73408658301923,305.72573837498203,305.72573837498203,306.7862457910087,,,,,306.71360687504057,v,1,1.0485261669382453,None,,,003,001,2025-10-02_17h06.02.506,MotorSequence_learning,,2025.1.1,None,2025-10-02 17h06.17.467493 +0530,
-150,z,9,9,3,z,1,0.5676602089079097,None,,,,,3,9,9,3,306.79619962500874,,,,306.7872163329739,306.79619962500874,307.7790333330631,307.7790333330631,307.7790333330631,307.7790333330631,307.7901177080348,308.7834679579828,308.7834679579828,309.35738020797726,,,,,,z,1,0.5676602089079097,None,,,003,001,2025-10-02_17h06.02.506,MotorSequence_learning,,2025.1.1,None,2025-10-02 17h06.17.467493 +0530,
-150,z,10,10,4,z,1,0.8637958749895915,None,,,,,4,10,10,3,309.3644467910053,,,,309.35793816600926,309.3644467910053,310.3494782909984,310.3494782909984,310.3494782909984,310.3494782909984,310.35428575007245,311.3573220829712,311.3573220829712,312.22610770806205,,,,,,z,1,0.8637958749895915,None,,,003,001,2025-10-02_17h06.02.506,MotorSequence_learning,,2025.1.1,None,2025-10-02 17h06.17.467493 +0530,
-50,x,11,11,2,x,1,1.2241994589567184,None,,,,,2,11,11,0,312.2343140000012,,,,312.22703891596757,312.2343140000012,313.21692666597664,313.21692666597664,313.21692666597664,313.21692666597664,313.2216990829911,314.22179641597904,314.22179641597904,315.4488954580156,,,,,315.2201055410551,x,1,1.2241994589567184,None,,,003,001,2025-10-02_17h06.02.506,MotorSequence_learning,,2025.1.1,None,2025-10-02 17h06.17.467493 +0530,
-150,z,12,12,5,z,1,1.287133751087822,None,,,,,5,12,12,3,315.4567560000578,,,,315.4497183330823,315.4567560000578,316.44346108299214,316.44346108299214,316.44346108299214,316.44346108299214,316.44885858299676,317.4408168330556,317.4408168330556,318.73502300004475,,,,,318.44021987507585,z,1,1.287133751087822,None,,,003,001,2025-10-02_17h06.02.506,MotorSequence_learning,,2025.1.1,None,2025-10-02 17h06.17.467493 +0530,
50,c ,13,13,3,c,0,1.0151783330366015,None,,,,,3,13,13,2,318.74284108297434,,,,318.73565150005743,318.74284108297434,319.7336630410282,319.7336630410282,319.7336630410282,319.7336630410282,319.7336630410282,320.7317196660442,320.7317196660442,321.750669375062,,,,,321.7311313750688,c,0,1.0151783330366015,None,,,003,001,2025-10-02_17h06.02.506,MotorSequence_learning,,2025.1.1,None,2025-10-02 17h06.17.467493 +0530,
-150,z,14,14,6,z,1,1.2537667920114473,None,,,,,6,14,14,3,321.7600677079754,,,,321.7515393750509,321.7600677079754,322.73795108299237,322.73795108299237,322.73795108299237,322.73795108299237,322.7571485830704,323.7500167910475,323.7500167910475,325.00800050003454,,,,,324.7451782079879,z,1,1.2537667920114473,None,,,003,001,2025-10-02_17h06.02.506,MotorSequence_learning,,2025.1.1,None,2025-10-02 17h06.17.467493 +0530,
-150,z,15,15,7,z,1,1.0587561670690775,None,,,,,7,15,15,3,325.01771562499925,,,,325.0087480410002,325.01771562499925,325.9980590409832,325.9980590409832,325.9980590409832,325.9980590409832,326.0155147500336,326.9960063750623,326.9960063750623,328.0594226659741,,,,,327.98781320801936,z,1,1.0587561670690775,None,,,003,001,2025-10-02_17h06.02.506,MotorSequence_learning,,2025.1.1,None,2025-10-02 17h06.17.467493 +0530,
150,v,16,16,1,v,1,1.487161249970086,None,,,,,1,16,16,1,328.06653187505435,,,,328.0599237079732,328.06653187505435,329.0500654580537,329.0500654580537,329.0500654580537,329.0500654580537,329.054445457994,330.059466375038,330.059466375038,331.55883012502454,,,,,331.05774399999063,v,1,1.487161249970086,None,,,003,001,2025-10-02_17h06.02.506,MotorSequence_learning,,2025.1.1,None,2025-10-02 17h06.17.467493 +0530,
-50,x,17,17,3,x,1,1.9621209999313578,None,,,,,3,17,17,0,331.5663155830698,,,,331.5593627500348,331.5663155830698,332.54730225005187,332.54730225005187,332.54730225005187,332.54730225005187,332.5648423329694,333.54637745802756,333.54637745802756,335.51907575002406,,,,,334.53910066606477,x,1,1.9621209999313578,None,,,003,001,2025-10-02_17h06.02.506,MotorSequence_learning,,2025.1.1,None,2025-10-02 17h06.17.467493 +0530,
-50,x,18,18,4,x,1,1.110094333998859,None,,,,,4,18,18,0,335.52855120797176,,,,335.5198916660156,335.52855120797176,336.51746679097414,336.51746679097414,336.51746679097414,336.51746679097414,336.52313045808114,337.5123864579946,337.5123864579946,338.62463320803363,,,,,338.504360040999,x,1,1.110094333998859,None,,,003,001,2025-10-02_17h06.02.506,MotorSequence_learning,,2025.1.1,None,2025-10-02 17h06.17.467493 +0530,
-50,x,19,19,5,x,1,1.2121155419154093,None,,,,,5,19,19,0,338.63509470806457,,,,338.6255112909712,338.63509470806457,339.61931879108306,339.61931879108306,339.61931879108306,339.61931879108306,339.6247373330407,340.6232662079856,340.6232662079856,341.840625083074,,,,,341.6167387079913,x,1,1.2121155419154093,None,,,003,001,2025-10-02_17h06.02.506,MotorSequence_learning,,2025.1.1,None,2025-10-02 17h06.17.467493 +0530,
150,v,20,20,2,c,0,4.083564792061225,None,,,,,2,20,20,1,341.849743916071,,,,341.84152250003535,341.849743916071,342.82907541596796,342.82907541596796,342.82907541596796,342.82907541596796,342.84793112496845,343.82996870798524,343.82996870798524,347.9160307080019,,,,,344.82042804104276,c,0,4.083564792061225,None,,,003,001,2025-10-02_17h06.02.506,MotorSequence_learning,,2025.1.1,None,2025-10-02 17h06.17.467493 +0530,
-150,z,21,21,8,z,1,0.7409303339663893,None,,,,,8,21,21,3,347.9234832500806,,,,347.9165183750447,347.9234832500806,348.91860304097645,348.91860304097645,348.91860304097645,348.91860304097645,348.91860304097645,349.9141053330386,349.9141053330386,350.6602977500297,,,,,,z,1,0.7409303339663893,None,,,003,001,2025-10-02_17h06.02.506,MotorSequence_learning,,2025.1.1,None,2025-10-02 17h06.17.467493 +0530,
150,v,22,22,3,v,1,0.823477957979776,None,,,,,3,22,22,1,350.6671704580076,,,,350.6606111250585,350.6671704580076,351.65717587503605,351.65717587503605,351.65717587503605,351.65717587503605,351.65717587503605,352.6584264159901,352.6584264159901,353.4950865000719,,,,,,v,1,0.823477957979776,None,,,003,001,2025-10-02_17h06.02.506,MotorSequence_learning,,2025.1.1,None,2025-10-02 17h06.17.467493 +0530,
50,c ,23,23,4,c,0,0.7159469169564545,None,,,,,4,23,23,2,353.50291699997615,,,,353.495559083065,353.50291699997615,354.49303754104767,354.49303754104767,354.49303754104767,354.49303754104767,354.498689625063,355.49288145801984,355.49288145801984,356.2131005830597,,,,,,c,0,0.7159469169564545,None,,,003,001,2025-10-02_17h06.02.506,MotorSequence_learning,,2025.1.1,None,2025-10-02 17h06.17.467493 +0530,
-50,x,24,24,6,c,0,14.928646959015168,None,,,,,6,24,24,0,356.220340083004,,,,356.21357537503354,356.220340083004,357.2074931659736,357.2074931659736,357.2074931659736,357.2074931659736,357.21261995797977,358.207619874971,358.207619874971,373.13850154099055,,,,,359.1981756660389,c,0,14.928646959015168,None,,,003,001,2025-10-02_17h06.02.506,MotorSequence_learning,,2025.1.1,None,2025-10-02 17h06.17.467493 +0530,
-50,x,25,25,7,x,1,0.6449560000328347,None,,,,,7,25,25,0,373.1461268750718,,,,373.138953375048,373.1461268750718,374.13057074998505,374.13057074998505,374.13057074998505,374.13057074998505,374.1424346250715,375.1290506660007,375.1290506660007,375.7778153750114,,,,,,x,1,0.6449560000328347,None,,,003,001,2025-10-02_17h06.02.506,MotorSequence_learning,,2025.1.1,None,2025-10-02 17h06.17.467493 +0530,
50,c ,26,26,5,c,0,0.5754122090293095,None,,,,,5,26,26,2,375.7858493330423,,,,375.7785791660426,375.7858493330423,376.77318320807535,376.77318320807535,376.77318320807535,376.77318320807535,376.7791302080732,377.7706112910528,377.7706112910528,378.35210054100025,,,,,,c,0,0.5754122090293095,None,,,003,001,2025-10-02_17h06.02.506,MotorSequence_learning,,2025.1.1,None,2025-10-02 17h06.17.467493 +0530,
50,c ,27,27,6,c,0,0.49331641697790474,None,,,,,6,27,27,2,378.36020633298904,,,,378.35271937504876,378.36020633298904,379.35144316602964,379.35144316602964,379.35144316602964,379.35144316602964,379.3570581250824,380.3505586250685,380.3505586250685,380.8457541250391,,,,,,c,0,0.49331641697790474,None,,,003,001,2025-10-02_17h06.02.506,MotorSequence_learning,,2025.1.1,None,2025-10-02 17h06.17.467493 +0530,
-150,z,28,28,9,z,1,0.828662084066309,None,,,,,9,28,28,3,380.8546472500311,,,,380.8465922080213,380.8546472500311,381.84035854099784,381.84035854099784,381.84035854099784,381.84035854099784,381.84598479105625,382.83914233301766,382.83914233301766,383.67329645797145,,,,,,z,1,0.828662084066309,None,,,003,001,2025-10-02_17h06.02.506,MotorSequence_learning,,2025.1.1,None,2025-10-02 17h06.17.467493 +0530,
-150,z,29,29,10,z,1,0.6732733749086037,None,,,,,10,29,29,3,383.6798254160676,,,,383.6737969999667,383.6798254160676,384.66571900004055,384.66571900004055,384.66571900004055,384.66571900004055,384.6707985830726,385.66443262505345,385.66443262505345,386.34040595800616,,,,,,z,1,0.6732733749086037,None,,,003,001,2025-10-02_17h06.02.506,MotorSequence_learning,,2025.1.1,None,2025-10-02 17h06.17.467493 +0530,
-50,x,30,30,8,x,1,0.555368542089127,None,,,,,8,30,30,0,386.34762374998536,,,,386.34088408306707,386.34762374998536,387.3322235830128,387.3322235830128,387.3322235830128,387.3322235830128,387.3374572080793,388.33233225008007,388.33233225008007,388.89270691596903,,,,,,x,1,0.555368542089127,None,,,003,001,2025-10-02_17h06.02.506,MotorSequence_learning,,2025.1.1,None,2025-10-02 17h06.17.467493 +0530,
-50,x,31,31,9,x,1,0.8061847080243751,None,,,,,9,31,31,0,388.90027075004764,,,,388.8932684160536,388.90027075004764,389.8897050410742,389.8897050410742,389.8897050410742,389.8897050410742,389.8897050410742,390.8814217080362,390.8814217080362,391.6909586250549,,,,,,x,1,0.8061847080243751,None,,,003,001,2025-10-02_17h06.02.506,MotorSequence_learning,,2025.1.1,None,2025-10-02 17h06.17.467493 +0530,
-50,x,32,32,10,x,1,0.6535099170869216,None,,,,,10,32,32,0,391.6973292500479,,,,391.69141270802356,391.6973292500479,392.67937808297575,392.67937808297575,392.67937808297575,392.67937808297575,392.697294624988,393.6910332500702,393.6910332500702,394.3475312910741,,,,,,x,1,0.6535099170869216,None,,,003,001,2025-10-02_17h06.02.506,MotorSequence_learning,,2025.1.1,None,2025-10-02 17h06.17.467493 +0530,
150,v,33,33,4,v,1,1.0957127090077847,None,,,,,4,33,33,1,394.35465941601433,,,,394.3480428750627,394.35465941601433,395.3405955830822,395.3405955830822,395.3405955830822,395.3405955830822,395.34578545799013,396.3477317079669,396.3477317079669,397.44639516598545,,,,,397.3450799160637,v,1,1.0957127090077847,None,,,003,001,2025-10-02_17h06.02.506,MotorSequence_learning,,2025.1.1,None,2025-10-02 17h06.17.467493 +0530,
150,v,34,34,5,v,1,0.8950160830281675,None,,,,,5,34,34,1,397.4537518330617,,,,397.4468561660033,397.4537518330617,398.4429025000427,398.4429025000427,398.4429025000427,398.4429025000427,398.448955125059,399.4413594159996,399.4413594159996,400.34538525005337,,,,,,v,1,0.8950160830281675,None,,,003,001,2025-10-02_17h06.02.506,MotorSequence_learning,,2025.1.1,None,2025-10-02 17h06.17.467493 +0530,
-150,z,35,35,11,z,1,1.4954407919431105,None,,,,,11,35,35,3,400.3541239160113,,,,400.3462774580112,400.3541239160113,401.3425569579704,401.3425569579704,401.3425569579704,401.3425569579704,401.3477805410512,402.3417632910423,402.3417632910423,403.8385769580491,,,,,403.3309495410649,z,1,1.4954407919431105,None,,,003,001,2025-10-02_17h06.02.506,MotorSequence_learning,,2025.1.1,None,2025-10-02 17h06.17.467493 +0530,
50,c ,36,36,7,c,0,0.6047322090016678,None,,,,,7,36,36,2,403.8461160410661,,,,403.8390190410428,403.8461160410661,404.834705166053,404.834705166053,404.834705166053,404.834705166053,404.8400810409803,405.83410691597965,405.83410691597965,406.44155900005717,,,,,,c,0,0.6047322090016678,None,,,003,001,2025-10-02_17h06.02.506,MotorSequence_learning,,2025.1.1,None,2025-10-02 17h06.17.467493 +0530,
50,c ,37,37,8,c,0,0.5760021670721471,None,,,,,8,37,37,2,406.4491241250653,,,,406.44232387503143,406.4491241250653,407.4415162500227,407.4415162500227,407.4415162500227,407.4415162500227,407.44657845806796,408.4411259579938,408.4411259579938,409.0276255829958,,,,,,c,0,0.5760021670721471,None,,,003,001,2025-10-02_17h06.02.506,MotorSequence_learning,,2025.1.1,None,2025-10-02 17h06.17.467493 +0530,
150,v,38,38,6,v,1,0.9584916669409722,None,,,,,6,38,38,1,409.03584875003435,,,,409.02837870805524,409.03584875003435,410.0163220410468,410.0163220410468,410.0163220410468,410.0163220410468,410.0338582500117,411.0245942500187,411.0245942500187,411.9975641659694,,,,,,v,1,0.9584916669409722,None,,,003,001,2025-10-02_17h06.02.506,MotorSequence_learning,,2025.1.1,None,2025-10-02 17h06.17.467493 +0530,
-150,z,39,39,12,z,1,0.7950027919141576,None,,,,,12,39,39,3,412.0074959580088,,,,411.9984074999811,412.0074959580088,412.9886728330748,412.9886728330748,412.9886728330748,412.9886728330748,413.0075281660538,413.9990049999906,413.9990049999906,414.8023754580645,,,,,,z,1,0.7950027919141576,None,,,003,001,2025-10-02_17h06.02.506,MotorSequence_learning,,2025.1.1,None,2025-10-02 17h06.17.467493 +0530,
50,c ,40,40,9,c,0,0.47910850099287927,None,,,,,9,40,40,2,414.8104980000062,,,,414.80319770798087,414.8104980000062,415.80130637506954,415.80130637506954,415.80130637506954,415.80130637506954,415.8073940000031,416.79588812508155,416.79588812508155,417.2872589160688,,,,,,c,0,0.47910850099287927,None,,,003,001,2025-10-02_17h06.02.506,MotorSequence_learning,,2025.1.1,None,2025-10-02 17h06.17.467493 +0530,
-50,x,41,41,11,x,1,0.6508679169928655,None,,,,,11,41,41,0,417.297473374987,,,,417.2880966250086,417.297473374987,418.27943125006277,418.27943125006277,418.27943125006277,418.27943125006277,418.29704804101493,419.2830544160679,419.2830544160679,419.9374871660257,,,,,,x,1,0.6508679169928655,None,,,003,001,2025-10-02_17h06.02.506,MotorSequence_learning,,2025.1.1,None,2025-10-02 17h06.17.467493 +0530,
50,c ,42,42,10,c,0,0.4706872090464458,None,,,,,10,42,42,2,419.9457640000619,,,,419.93849583307747,419.9457640000619,420.9269587500021,420.9269587500021,420.9269587500021,420.9269587500021,420.9451570410747,421.93114766606595,421.93114766606595,422.40833070804365,,,,,,c,0,0.4706872090464458,None,,,003,001,2025-10-02_17h06.02.506,MotorSequence_learning,,2025.1.1,None,2025-10-02 17h06.17.467493 +0530,
50,c ,43,43,11,c,0,0.5890347920358181,None,,,,,11,43,43,2,422.4160547910724,,,,422.4091444580117,422.4160547910724,423.40068487497047,423.40068487497047,423.40068487497047,423.40068487497047,423.4056696250336,424.4087661660742,424.4087661660742,424.99979195802007,,,,,,c,0,0.5890347920358181,None,,,003,001,2025-10-02_17h06.02.506,MotorSequence_learning,,2025.1.1,None,2025-10-02 17h06.17.467493 +0530,
50,c ,44,44,12,c,0,0.3399459579959512,None,,,,,12,44,44,2,425.00381200003903,,,,425.00024700001813,425.00381200003903,426.00213558296673,426.00213558296673,426.00213558296673,426.00213558296673,426.00213558296673,426.9917681660736,426.9917681660736,427.3337660409743,,,,,,c,0,0.3399459579959512,None,,,003,001,2025-10-02_17h06.02.506,MotorSequence_learning,,2025.1.1,None,2025-10-02 17h06.17.467493 +0530,
-50,x,45,45,12,x,1,0.40165200107730925,None,,,,,12,45,45,0,427.3384374160087,,,,427.3345530000515,427.3384374160087,428.322258375003,428.322258375003,428.322258375003,428.322258375003,428.3343580829678,429.3310126659926,429.3310126659926,429.7418370000087,,,,,,x,1,0.40165200107730925,None,,,003,001,2025-10-02_17h06.02.506,MotorSequence_learning,,2025.1.1,None,2025-10-02 17h06.17.467493 +0530,
50,c ,46,46,13,c,0,0.6519001669948921,None,,,,,13,46,46,2,429.7492292909883,,,,429.7422881249804,429.7492292909883,430.7413777500624,430.7413777500624,430.7413777500624,430.7413777500624,430.7413777500624,431.7416837910423,431.7416837910423,432.39695616601966,,,,,,c,0,0.6519001669948921,None,,,003,001,2025-10-02_17h06.02.506,MotorSequence_learning,,2025.1.1,None,2025-10-02 17h06.17.467493 +0530,
-150,z,47,47,13,z,1,0.8580190419452265,None,,,,,13,47,47,3,432.40456766600255,,,,432.3974372079829,432.40456766600255,433.3978643750306,433.3978643750306,433.3978643750306,433.3978643750306,433.3978643750306,434.39753754099365,434.39753754099365,435.2685196250677,,,,,,z,1,0.8580190419452265,None,,,003,001,2025-10-02_17h06.02.506,MotorSequence_learning,,2025.1.1,None,2025-10-02 17h06.17.467493 +0530,
-50,x,48,48,13,x,1,1.474694833974354,None,,,,,13,48,48,0,435.27709120803047,,,,435.26915558299515,435.27709120803047,436.2657744999742,436.2657744999742,436.2657744999742,436.2657744999742,436.27106875006575,437.26772583299316,437.26772583299316,438.7449597080704,,,,,438.2671338330256,x,1,1.474694833974354,None,,,003,001,2025-10-02_17h06.02.506,MotorSequence_learning,,2025.1.1,None,2025-10-02 17h06.17.467493 +0530,
-150,z,49,49,14,z,1,0.8060272509464994,None,,,,,14,49,49,3,438.7552385000745,,,,438.7458719579736,438.7552385000745,439.74126308306586,439.74126308306586,439.74126308306586,439.74126308306586,439.74491704104,440.743251833017,440.743251833017,441.5549736249959,,,,,,z,1,0.8060272509464994,None,,,003,001,2025-10-02_17h06.02.506,MotorSequence_learning,,2025.1.1,None,2025-10-02 17h06.17.467493 +0530,
50,c ,50,50,14,c,0,1.4562731670448557,None,,,,,14,50,50,2,441.5623174579814,,,,441.5554526250344,441.5623174579814,442.55410649999976,442.55410649999976,442.55410649999976,442.55410649999976,442.55410649999976,443.5509747910546,443.5509747910546,445.018549875007,,,,,444.5495100830449,c,0,1.4562731670448557,None,,,003,001,2025-10-02_17h06.02.506,MotorSequence_learning,,2025.1.1,None,2025-10-02 17h06.17.467493 +0530,
50,c ,51,51,15,v,0,3.8087073341012,None,,,,,15,51,51,2,445.0262576660607,,,,445.0189261250198,445.0262576660607,446.017949125031,446.017949125031,446.017949125031,446.017949125031,446.0242102500051,447.0165853750659,447.0165853750659,450.83411075000186,,,,,448.0130815000739,v,0,3.8087073341012,None,,,003,001,2025-10-02_17h06.02.506,MotorSequence_learning,,2025.1.1,None,2025-10-02 17h06.17.467493 +0530,
-150,z,52,52,15,z,1,0.8625660840189084,None,,,,,15,52,52,3,450.8418177079875,,,,450.834733332973,450.8418177079875,451.8335329160327,451.8335329160327,451.8335329160327,451.8335329160327,451.8335329160327,452.8327108330559,452.8327108330559,453.7023022080539,,,,,,z,1,0.8625660840189084,None,,,003,001,2025-10-02_17h06.02.506,MotorSequence_learning,,2025.1.1,None,2025-10-02 17h06.17.467493 +0530,
150,v,53,53,7,v,1,0.7876552919624373,None,,,,,7,53,53,1,453.71040870808065,,,,453.7032050000271,453.71040870808065,454.698472707998,454.698472707998,454.698472707998,454.698472707998,454.7042411660077,455.69853591604624,455.69853591604624,456.4968494580826,,,,,,v,1,0.7876552919624373,None,,,003,001,2025-10-02_17h06.02.506,MotorSequence_learning,,2025.1.1,None,2025-10-02 17h06.17.467493 +0530,
-150,z,54,54,16,z,1,0.6053377080243081,None,,,,,16,54,54,3,456.5070624999935,,,,456.4976639159722,456.5070624999935,457.5110684579704,457.5110684579704,457.5110684579704,457.5110684579704,457.5110684579704,458.4927272499772,458.4927272499772,459.11083374999,,,,,,z,1,0.6053377080243081,None,,,003,001,2025-10-02_17h06.02.506,MotorSequence_learning,,2025.1.1,None,2025-10-02 17h06.17.467493 +0530,
150,v,55,55,8,v,1,0.5103544170269743,None,,,,,8,55,55,1,459.11965733300894,,,,459.11170574999414,459.11965733300894,460.10975475003943,460.10975475003943,460.10975475003943,460.10975475003943,460.1151541660074,461.1056997079868,461.1056997079868,461.62964666599873,,,,,,v,1,0.5103544170269743,None,,,003,001,2025-10-02_17h06.02.506,MotorSequence_learning,,2025.1.1,None,2025-10-02 17h06.17.467493 +0530,
150,v,56,56,9,v,1,0.7519100840436295,None,,,,,9,56,56,1,461.6377991660265,,,,461.63037104101386,461.6377991660265,462.62236858299,462.62236858299,462.62236858299,462.62236858299,462.6342567909742,463.6201737910742,463.6201737910742,464.37740137497894,,,,,,v,1,0.7519100840436295,None,,,003,001,2025-10-02_17h06.02.506,MotorSequence_learning,,2025.1.1,None,2025-10-02 17h06.17.467493 +0530,
-50,x,57,57,14,x,1,1.0739520419156179,None,,,,,14,57,57,0,464.38493675005157,,,,464.37786037498154,464.38493675005157,465.3746260830667,465.3746260830667,465.3746260830667,465.3746260830667,465.3746260830667,466.3729822500609,466.3729822500609,467.45888604107313,,,,,467.37005254102405,x,1,1.0739520419156179,None,,,003,001,2025-10-02_17h06.02.506,MotorSequence_learning,,2025.1.1,None,2025-10-02 17h06.17.467493 +0530,
-50,x,58,58,15,x,1,0.7898892500670627,None,,,,,15,58,58,0,467.46612420806196,,,,467.45948320801836,467.46612420806196,468.4694612909807,468.4694612909807,468.4694612909807,468.4694612909807,468.4694612909807,469.45392491598614,469.45392491598614,470.24772079102695,,,,,,x,1,0.7898892500670627,None,,,003,001,2025-10-02_17h06.02.506,MotorSequence_learning,,2025.1.1,None,2025-10-02 17h06.17.467493 +0530,
-50,x,59,59,16,x,1,1.003666584030725,None,,,,,16,59,59,0,470.2550669159973,,,,470.2486010410357,470.2550669159973,471.2421832079999,471.2421832079999,471.2421832079999,471.2421832079999,471.2471782909706,472.24514245800674,472.24514245800674,473.25015716603957,,,,,473.23714950005524,x,1,1.003666584030725,None,,,003,001,2025-10-02_17h06.02.506,MotorSequence_learning,,2025.1.1,None,2025-10-02 17h06.17.467493 +0530,
-150,z,60,60,17,z,1,0.8983917090808973,None,,,,,17,60,60,3,473.25423283304553,,,,473.25056845799554,473.25423283304553,474.2479713750072,474.2479713750072,474.2479713750072,474.2479713750072,474.2479713750072,475.2403403330827,475.2403403330827,476.1417200410506,,,,,,z,1,0.8983917090808973,None,,,003,001,2025-10-02_17h06.02.506,MotorSequence_learning,,2025.1.1,None,2025-10-02 17h06.17.467493 +0530,
150,v,61,61,10,v,1,1.4112860419554636,None,,,,,10,61,61,1,476.15007295797113,,,,476.1425515409792,476.15007295797113,477.1295912080677,477.1295912080677,477.1295912080677,477.1295912080677,477.1472309160745,478.1412830830086,478.1412830830086,479.560047750012,,,,,479.14065008307807,v,1,1.4112860419554636,None,,,003,001,2025-10-02_17h06.02.506,MotorSequence_learning,,2025.1.1,None,2025-10-02 17h06.17.467493 +0530,
-50,x,62,62,17,x,1,0.5340578749310225,None,,,,,17,62,62,0,479.56967058300506,,,,479.56069308298174,479.56967058300506,480.5485350000672,480.5485350000672,480.5485350000672,480.5485350000672,480.56628791603725,481.5534993329784,481.5534993329784,482.09142920805607,,,,,,x,1,0.5340578749310225,None,,,003,001,2025-10-02_17h06.02.506,MotorSequence_learning,,2025.1.1,None,2025-10-02 17h06.17.467493 +0530,
-50,x,63,63,18,x,1,0.6212287090020254,None,,,,,18,63,63,0,482.09601450001355,,,,482.091570041026,482.09601450001355,483.0791753750527,483.0791753750527,483.0791753750527,483.0791753750527,483.09239654103294,484.0902021660004,484.0902021660004,484.71931262500584,,,,,,x,1,0.6212287090020254,None,,,003,001,2025-10-02_17h06.02.506,MotorSequence_learning,,2025.1.1,None,2025-10-02 17h06.17.467493 +0530,
-150,z,64,64,18,z,1,1.0820957079995424,None,,,,,18,64,64,3,484.7269717910094,,,,484.7196615000721,484.7269717910094,485.7165555000538,485.7165555000538,485.7165555000538,485.7165555000538,485.7165555000538,486.71228979097214,486.71228979097214,487.80424820806365,,,,,487.70764949999284,z,1,1.0820957079995424,None,,,003,001,2025-10-02_17h06.02.506,MotorSequence_learning,,2025.1.1,None,2025-10-02 17h06.17.467493 +0530,
150,v,65,65,11,v,1,0.9442011669743806,None,,,,,11,65,65,1,487.81508858304005,,,,487.80515608307905,487.81508858304005,488.7992520830594,488.7992520830594,488.7992520830594,488.7992520830594,488.80414954107255,489.7951521250652,489.7951521250652,490.74330379103776,,,,,,v,1,0.9442011669743806,None,,,003,001,2025-10-02_17h06.02.506,MotorSequence_learning,,2025.1.1,None,2025-10-02 17h06.17.467493 +0530,
150,v,66,66,12,v,1,0.8067514579743147,None,,,,,12,66,66,1,490.75046787504107,,,,490.74365979107097,490.75046787504107,491.7424733750522,491.7424733750522,491.7424733750522,491.7424733750522,491.7424733750522,492.7434755830327,492.7434755830327,493.5586510000285,,,,,,v,1,0.8067514579743147,None,,,003,001,2025-10-02_17h06.02.506,MotorSequence_learning,,2025.1.1,None,2025-10-02 17h06.17.467493 +0530,
50,c ,67,67,16,c,0,0.5630960839334875,None,,,,,16,67,67,2,493.5660590410698,,,,493.5592230830807,493.5660590410698,494.5579777500825,494.5579777500825,494.5579777500825,494.5579777500825,494.5579777500825,495.5585470000515,495.5585470000515,496.1241960830521,,,,,,c,0,0.5630960839334875,None,,,003,001,2025-10-02_17h06.02.506,MotorSequence_learning,,2025.1.1,None,2025-10-02 17h06.17.467493 +0530,
50,c ,68,68,17,c,0,0.5204987080069259,None,,,,,17,68,68,2,496.13131537497975,,,,496.1246921659913,496.13131537497975,497.1155487910146,497.1155487910146,497.1155487910146,497.1155487910146,497.12108495808206,498.1206763329683,498.1206763329683,498.6447217500536,,,,,,c,0,0.5204987080069259,None,,,003,001,2025-10-02_17h06.02.506,MotorSequence_learning,,2025.1.1,None,2025-10-02 17h06.17.467493 +0530,
150,v,69,69,13,v,1,0.6194822079269215,None,,,,,13,69,69,1,498.6537793329917,,,,498.6456507910043,498.6537793329917,499.65272429108154,499.65272429108154,499.65272429108154,499.65272429108154,499.65272429108154,500.6526153750019,500.6526153750019,501.28414766606875,,,,,,v,1,0.6194822079269215,None,,,003,001,2025-10-02_17h06.02.506,MotorSequence_learning,,2025.1.1,None,2025-10-02 17h06.17.467493 +0530,
-50,x,70,70,19,x,1,0.5302451669704169,None,,,,,19,70,70,0,501.29155412502587,,,,501.28451550006866,501.29155412502587,502.28582387499046,502.28582387499046,502.28582387499046,502.28582387499046,502.28582387499046,503.2818134580739,503.2818134580739,503.81728358299006,,,,,,x,1,0.5302451669704169,None,,,003,001,2025-10-02_17h06.02.506,MotorSequence_learning,,2025.1.1,None,2025-10-02 17h06.17.467493 +0530,
50,c ,71,71,18,c,0,0.6829552090493962,None,,,,,18,71,71,2,503.82493333297316,,,,503.81802508304827,503.82493333297316,504.80868095799815,504.80868095799815,504.80868095799815,504.80868095799815,504.81346654100344,505.8092905000085,505.8092905000085,506.4964753750246,,,,,,c,0,0.6829552090493962,None,,,003,001,2025-10-02_17h06.02.506,MotorSequence_learning,,2025.1.1,None,2025-10-02 17h06.17.467493 +0530,
50,c ,72,72,19,c,0,0.561727709020488,None,,,,,19,72,72,2,506.50711295800284,,,,506.49740416603163,506.50711295800284,507.50041495799087,507.50041495799087,507.50041495799087,507.50041495799087,507.50041495799087,508.4921277500689,508.4921277500689,509.05496137507726,,,,,,c,0,0.561727709020488,None,,,003,001,2025-10-02_17h06.02.506,MotorSequence_learning,,2025.1.1,None,2025-10-02 17h06.17.467493 +0530,
50,c ,73,73,20,c,0,0.4972898750565946,None,,,,,20,73,73,2,509.0626267910702,,,,509.05540737498086,509.0626267910702,510.04866141604725,510.04866141604725,510.04866141604725,510.04866141604725,510.0538777500624,511.0455407910049,511.0455407910049,511.54528429103084,,,,,,c,0,0.4972898750565946,None,,,003,001,2025-10-02_17h06.02.506,MotorSequence_learning,,2025.1.1,None,2025-10-02 17h06.17.467493 +0530,
-50,x,74,74,20,x,1,0.5892595420591533,None,,,,,20,74,74,0,511.553905916051,,,,511.5461699999869,511.553905916051,512.5375612080097,512.5375612080097,512.5375612080097,512.5375612080097,512.5494204580318,513.5365613329923,513.5365613329923,514.1371739580063,,,,,,x,1,0.5892595420591533,None,,,003,001,2025-10-02_17h06.02.506,MotorSequence_learning,,2025.1.1,None,2025-10-02 17h06.17.467493 +0530,
50,c ,75,75,21,c,0,1.1511700419941917,None,,,,,21,75,75,2,514.1453673749929,,,,514.1379222080577,514.1453673749929,515.1347135000397,515.1347135000397,515.1347135000397,515.1347135000397,515.139923291048,516.1285477910424,516.1285477910424,517.2820322500775,,,,,517.1223910000408,c,0,1.1511700419941917,None,,,003,001,2025-10-02_17h06.02.506,MotorSequence_learning,,2025.1.1,None,2025-10-02 17h06.17.467493 +0530,
50,c ,76,76,22,c,0,1.111937458976172,None,,,,,22,76,76,2,517.2896692909999,,,,517.2827290829737,517.2896692909999,518.2740259160055,518.2740259160055,518.2740259160055,518.2740259160055,518.279161375016,519.2816702909768,519.2816702909768,520.3968091660645,,,,,520.2788466250058,c,0,1.111937458976172,None,,,003,001,2025-10-02_17h06.02.506,MotorSequence_learning,,2025.1.1,None,2025-10-02 17h06.17.467493 +0530,
-150,z,77,77,19,z,1,0.7439424589974806,None,,,,,19,77,77,3,520.4049412080785,,,,520.3976836249931,520.4049412080785,521.393509458052,521.393509458052,521.393509458052,521.393509458052,521.3992836660473,522.3896253750427,522.3896253750427,523.1438421250787,,,,,,z,1,0.7439424589974806,None,,,003,001,2025-10-02_17h06.02.506,MotorSequence_learning,,2025.1.1,None,2025-10-02 17h06.17.467493 +0530,
150,v,78,78,14,v,1,0.6585469170240685,None,,,,,14,78,78,1,523.1517257080413,,,,523.1444606250152,523.1517257080413,524.1397446660558,524.1397446660558,524.1397446660558,524.1397446660558,524.1397446660558,525.1409768330632,525.1409768330632,525.8098697910318,,,,,,v,1,0.6585469170240685,None,,,003,001,2025-10-02_17h06.02.506,MotorSequence_learning,,2025.1.1,None,2025-10-02 17h06.17.467493 +0530,
-50,x,79,79,21,x,1,0.5769931259565055,None,,,,,21,79,79,0,525.8184147080174,,,,525.8104358330602,525.8184147080174,526.8008321659872,526.8008321659872,526.8008321659872,526.8008321659872,526.8062519580126,527.8054727910785,527.8054727910785,528.3840303750476,,,,,,x,1,0.5769931259565055,None,,,003,001,2025-10-02_17h06.02.506,MotorSequence_learning,,2025.1.1,None,2025-10-02 17h06.17.467493 +0530,
-150,z,80,80,20,z,1,0.4880430420162156,None,,,,,20,80,80,3,528.3876262080157,,,,528.3845391659997,528.3876262080157,529.3832954160171,529.3832954160171,529.3832954160171,529.3832954160171,529.3832954160171,530.3794008330442,530.3794008330442,530.8752137910342,,,,,,z,1,0.4880430420162156,None,,,003,001,2025-10-02_17h06.02.506,MotorSequence_learning,,2025.1.1,None,2025-10-02 17h06.17.467493 +0530,
150,v,81,81,15,v,1,0.49185158300679177,None,,,,,15,81,81,1,530.882252749987,,,,530.8756197909825,530.882252749987,531.874166958034,531.874166958034,531.874166958034,531.874166958034,531.874166958034,532.8644959999947,532.8644959999947,533.3599557080306,,,,,,v,1,0.49185158300679177,None,,,003,001,2025-10-02_17h06.02.506,MotorSequence_learning,,2025.1.1,None,2025-10-02 17h06.17.467493 +0530,
150,v,82,82,16,v,1,0.9438460840610787,None,,,,,16,82,82,1,533.3673459159909,,,,533.360310500022,533.3673459159909,534.358581416076,534.358581416076,534.358581416076,534.358581416076,534.358581416076,535.3543890410801,535.3543890410801,536.3021798330592,,,,,,v,1,0.9438460840610787,None,,,003,001,2025-10-02_17h06.02.506,MotorSequence_learning,,2025.1.1,None,2025-10-02 17h06.17.467493 +0530,
-150,z,83,83,21,z,1,1.0768195829587057,None,,,,,21,83,83,3,536.3103728330461,,,,536.3029154579854,536.3103728330461,537.2997837499715,537.2997837499715,537.2997837499715,537.2997837499715,537.2997837499715,538.2973621659912,538.2973621659912,539.3858118330827,,,,,539.2901623330545,z,1,1.0768195829587057,None,,,003,001,2025-10-02_17h06.02.506,MotorSequence_learning,,2025.1.1,None,2025-10-02 17h06.17.467493 +0530,
150,v,84,84,17,v,1,0.5392653750022873,None,,,,,17,84,84,1,539.3964231660357,,,,539.3868360830238,539.3964231660357,540.3838234579889,540.3838234579889,540.3838234579889,540.3838234579889,540.3890530000208,541.3748200000264,541.3748200000264,541.9275500000222,,,,,,v,1,0.5392653750022873,None,,,003,001,2025-10-02_17h06.02.506,MotorSequence_learning,,2025.1.1,None,2025-10-02 17h06.17.467493 +0530,
-150,z,85,85,22,z,1,0.5904582500224933,None,,,,,22,85,85,3,541.9353114999831,,,,541.9280855000252,541.9353114999831,542.9263585410081,542.9263585410081,542.9263585410081,542.9263585410081,542.9319816660136,543.9206072910456,543.9206072910456,544.5159200410126,,,,,,z,1,0.5904582500224933,None,,,003,001,2025-10-02_17h06.02.506,MotorSequence_learning,,2025.1.1,None,2025-10-02 17h06.17.467493 +0530,
-50,x,86,86,22,x,1,0.7502567080082372,None,,,,,22,86,86,0,544.5232407500735,,,,544.5163788750069,544.5232407500735,545.5167658330174,545.5167658330174,545.5167658330174,545.5167658330174,545.5167658330174,546.5117524580564,546.5117524580564,547.2653586660745,,,,,,x,1,0.7502567080082372,None,,,003,001,2025-10-02_17h06.02.506,MotorSequence_learning,,2025.1.1,None,2025-10-02 17h06.17.467493 +0530,
-150,z,87,87,23,z,1,0.6727197499712929,None,,,,,23,87,87,3,547.2739384999732,,,,547.2661754160654,547.2739384999732,548.254045000067,548.254045000067,548.254045000067,548.254045000067,548.2713248330401,549.2561992909759,549.2561992909759,549.9330333750695,,,,,,z,1,0.6727197499712929,None,,,003,001,2025-10-02_17h06.02.506,MotorSequence_learning,,2025.1.1,None,2025-10-02 17h06.17.467493 +0530,
150,v,88,88,18,v,1,0.7666862510377541,None,,,,,18,88,88,1,549.9404582909774,,,,549.933490416035,549.9404582909774,550.9263777079759,550.9263777079759,550.9263777079759,550.9263777079759,550.9317519579781,551.9211258330615,551.9211258330615,552.7000452909851,,,,,,v,1,0.7666862510377541,None,,,003,001,2025-10-02_17h06.02.506,MotorSequence_learning,,2025.1.1,None,2025-10-02 17h06.17.467493 +0530,
50,c ,89,89,23,c,0,1.158802208956331,None,,,,,23,89,89,2,552.7075364160119,,,,552.7005629580235,552.7075364160119,553.6889562499709,553.6889562499709,553.6889562499709,553.6889562499709,553.7064670830732,554.6909305000445,554.6909305000445,555.8591326660244,,,,,555.6819171659881,c,0,1.158802208956331,None,,,003,001,2025-10-02_17h06.02.506,MotorSequence_learning,,2025.1.1,None,2025-10-02 17h06.17.467493 +0530,
50,c ,90,90,24,c,0,0.9348198749357834,None,,,,,24,90,90,2,555.8679089579964,,,,555.8601570409955,555.8679089579964,556.8590949580539,556.8590949580539,556.8590949580539,556.8590949580539,556.8649637500057,557.8489104160108,557.8489104160108,558.7870255829766,,,,,,c,0,0.9348198749357834,None,,,003,001,2025-10-02_17h06.02.506,MotorSequence_learning,,2025.1.1,None,2025-10-02 17h06.17.467493 +0530,
-150,z,91,91,24,z,1,0.6948270000284538,None,,,,,24,91,91,3,558.7962923330488,,,,558.7878815410659,558.7962923330488,559.7774650830543,559.7774650830543,559.7774650830543,559.7774650830543,559.7870531249791,560.782782208058,560.782782208058,561.4872147080023,,,,,,z,1,0.6948270000284538,None,,,003,001,2025-10-02_17h06.02.506,MotorSequence_learning,,2025.1.1,None,2025-10-02 17h06.17.467493 +0530,
150,v,92,92,19,v,1,1.338460833998397,None,,,,,19,92,92,1,561.4971344160149,,,,561.4880893330555,561.4971344160149,562.4822102909675,562.4822102909675,562.4822102909675,562.4822102909675,562.487217625021,563.4780932080466,563.4780932080466,564.8233737499686,,,,,564.4703489160165,v,1,1.338460833998397,None,,,003,001,2025-10-02_17h06.02.506,MotorSequence_learning,,2025.1.1,None,2025-10-02 17h06.17.467493 +0530,
150,v,93,93,20,v,1,1.4692298759473488,None,,,,,20,93,93,1,564.8317031250335,,,,564.8242456250591,564.8317031250335,565.8207570830127,565.8207570830127,565.8207570830127,565.8207570830127,565.8207570830127,566.8123013749719,566.8123013749719,568.2938324579736,,,,,567.8069466659799,v,1,1.4692298759473488,None,,,003,001,2025-10-02_17h06.02.506,MotorSequence_learning,,2025.1.1,None,2025-10-02 17h06.17.467493 +0530,
150,v,94,94,21,v,1,0.9831694170134142,None,,,,,21,94,94,1,568.3015451250831,,,,568.2942070410354,568.3015451250831,569.2902088749688,569.2902088749688,569.2902088749688,569.2902088749688,569.2955342080677,570.2863534160424,570.2863534160424,571.277092250064,,,,,571.2861300830264,v,1,0.9831694170134142,None,,,003,001,2025-10-02_17h06.02.506,MotorSequence_learning,,2025.1.1,None,2025-10-02 17h06.17.467493 +0530,
-50,x,95,95,23,v,0,5.974664333974943,None,,,,,23,95,95,0,571.2861300830264,,,,571.2778815410566,571.2861300830264,572.2752591250464,572.2752591250464,572.2752591250464,572.2752591250464,572.2752591250464,573.2726167499786,573.2726167499786,579.2539872910129,,,,,574.2621572080534,v,0,5.974664333974943,None,,,003,001,2025-10-02_17h06.02.506,MotorSequence_learning,,2025.1.1,None,2025-10-02 17h06.17.467493 +0530,
150,v,96,96,22,v,1,0.9094700419809669,None,,,,,22,96,96,1,579.264928208082,,,,579.2549384579761,579.264928208082,580.2501834160648,580.2501834160648,580.2501834160648,580.2501834160648,580.255884333048,581.2457765410654,581.2457765410654,582.1600812079851,,,,,,v,1,0.9094700419809669,None,,,003,001,2025-10-02_17h06.02.506,MotorSequence_learning,,2025.1.1,None,2025-10-02 17h06.17.467493 +0530,
-50,x,97,97,24,x,1,1.0790571249090135,None,,,,,24,97,97,0,582.1710041660117,,,,582.1607322500786,582.1710041660117,583.1601879580412,583.1601879580412,583.1601879580412,583.1601879580412,583.1656270000385,584.1491004580166,584.1491004580166,585.2335434580455,,,,,585.1446282500401,x,1,1.0790571249090135,None,,,003,001,2025-10-02_17h06.02.506,MotorSequence_learning,,2025.1.1,None,2025-10-02 17h06.17.467493 +0530,
150,v,98,98,23,v,1,2.9471367499791086,None,,,,,23,98,98,1,585.2406922080554,,,,585.2339737080038,585.2406922080554,586.2321418750798,586.2321418750798,586.2321418750798,586.2321418750798,586.2321418750798,587.2329414580017,587.2329414580017,590.1858394580195,,,,,588.2290360410698,v,1,2.9471367499791086,None,,,003,001,2025-10-02_17h06.02.506,MotorSequence_learning,,2025.1.1,None,2025-10-02 17h06.17.467493 +0530,
150,v,99,99,24,v,1,0.5046315010404214,None,,,,,24,99,99,1,590.1943811250385,,,,590.1868350830628,590.1943811250385,591.1821690000361,591.1821690000361,591.1821690000361,591.1821690000361,591.1872795830714,592.182262166054,592.182262166054,592.6923268330283,,,,,,v,1,0.5046315010404214,None,,,003,001,2025-10-02_17h06.02.506,MotorSequence_learning,,2025.1.1,None,2025-10-02 17h06.17.467493 +0530,
,,,,,,,,,,,,,,,,,,,,,,,,,,,,,,,,,,,,,,,,592.6924737499794,592.6925277910195,003,001,2025-10-02_17h06.02.506,MotorSequence_learning,,2025.1.1,None,2025-10-02 17h06.17.467493 +0530,
