study_word,thisN,thisTrialN,thisRepN,slider.response,slider.rt,test_word,Reference,old_new,test_textbox.text,testmouse.x,testmouse.y,testmouse.leftButton,testmouse.midButton,testmouse.rightButton,testmouse.time,testmouse.clicked_name,trials.thisRepN,trials.thisTrialN,trials.thisN,trials.thisIndex,trials_2.thisRepN,trials_2.thisTrialN,trials_2.thisN,trials_2.thisIndex,thisRow.t,notes,trial.started,text.started,slider.started,trial.stopped,trials.slider.response,trials.slider.rt,test.started,TestText.started,test_textbox.started,submit_text.started,testmouse.started,test.stopped,trials_2.test_textbox.text,trials_2.testmouse.x,trials_2.testmouse.y,trials_2.testmouse.leftButton,trials_2.testmouse.midButton,trials_2.testmouse.rightButton,trials_2.testmouse.time,trials_2.testmouse.clicked_name,participant,session,date,expName,expVersion,psychopyVersion,frameRate,expStart,
mouse,0,0,0,1,4.112659667036496,,,,,,,,,,,,0,0,0,8,,,,,0.01887770800385624,,0.009405124990735203,0.01887770800385624,0.01887770800385624,4.127929874986876,1,4.112659667036496,,,,,,,,,,,,,,,004,001,2025-10-15_16h08.46.561,Tutorial 5,,2025.1.1,None,2025-10-15 16h08.53.343956 +0530,
Cruise,1,1,0,1,0.4655250000068918,,,,,,,,,,,,0,1,1,11,,,,,4.136949957988691,,4.130745582981035,4.136949957988691,4.136949957988691,4.602050208020955,1,0.4655250000068918,,,,,,,,,,,,,,,004,001,2025-10-15_16h08.46.561,Tutorial 5,,2025.1.1,None,2025-10-15 16h08.53.343956 +0530,
Laptop,2,2,0,1,0.39166150003438815,,,,,,,,,,,,0,2,2,5,,,,,4.610932958021294,,4.605073207989335,4.610932958021294,4.610932958021294,5.002379124984145,1,0.39166150003438815,,,,,,,,,,,,,,,004,001,2025-10-15_16h08.46.561,Tutorial 5,,2025.1.1,None,2025-10-15 16h08.53.343956 +0530,
cushion,3,3,0,1,0.37438354099867865,,,,,,,,,,,,0,3,3,1,,,,,5.010775500035379,,5.004970250010956,5.010775500035379,5.010775500035379,5.384224458015524,1,0.37438354099867865,,,,,,,,,,,,,,,004,001,2025-10-15_16h08.46.561,Tutorial 5,,2025.1.1,None,2025-10-15 16h08.53.343956 +0530,
book,4,4,0,1,0.2657838749582879,,,,,,,,,,,,0,4,4,0,,,,,5.391670749988407,,5.385806332982611,5.391670749988407,5.391670749988407,5.662801666010637,1,0.2657838749582879,,,,,,,,,,,,,,,004,001,2025-10-15_16h08.46.561,Tutorial 5,,2025.1.1,None,2025-10-15 16h08.53.343956 +0530,
Police,5,5,0,1,0.21122766699409112,,,,,,,,,,,,0,5,5,12,,,,,5.670644833007827,,5.664989540993702,5.670644833007827,5.670644833007827,5.885482290992513,1,0.21122766699409112,,,,,,,,,,,,,,,004,001,2025-10-15_16h08.46.561,Tutorial 5,,2025.1.1,None,2025-10-15 16h08.53.343956 +0530,
T-shirt,6,6,0,1,0.2719852079753764,,,,,,,,,,,,0,6,6,7,,,,,5.893868750019465,,5.88817295798799,5.893868750019465,5.893868750019465,6.166256083000917,1,0.2719852079753764,,,,,,,,,,,,,,,004,001,2025-10-15_16h08.46.561,Tutorial 5,,2025.1.1,None,2025-10-15 16h08.53.343956 +0530,
Key,7,7,0,1,0.3820741670206189,,,,,,,,,,,,0,7,7,13,,,,,6.175508290994912,,6.168759333027992,6.175508290994912,6.175508290994912,6.56152716599172,1,0.3820741670206189,,,,,,,,,,,,,,,004,001,2025-10-15_16h08.46.561,Tutorial 5,,2025.1.1,None,2025-10-15 16h08.53.343956 +0530,
Chart,8,8,0,1,0.42122891603503376,,,,,,,,,,,,0,8,8,6,,,,,6.568797041021753,,6.563062875007745,6.568797041021753,6.568797041021753,6.993675915990025,1,0.42122891603503376,,,,,,,,,,,,,,,004,001,2025-10-15_16h08.46.561,Tutorial 5,,2025.1.1,None,2025-10-15 16h08.53.343956 +0530,
phone,9,9,0,1,0.3502077499870211,,,,,,,,,,,,0,9,9,2,,,,,6.999983582994901,,6.995316083019134,6.999983582994901,6.999983582994901,7.35037524998188,1,0.3502077499870211,,,,,,,,,,,,,,,004,001,2025-10-15_16h08.46.561,Tutorial 5,,2025.1.1,None,2025-10-15 16h08.53.343956 +0530,
Pastry,10,10,0,1,0.4936927080270834,,,,,,,,,,,,0,10,10,9,,,,,7.357939916022588,,7.35197766602505,7.357939916022588,7.357939916022588,7.850815666024573,1,0.4936927080270834,,,,,,,,,,,,,,,004,001,2025-10-15_16h08.46.561,Tutorial 5,,2025.1.1,None,2025-10-15 16h08.53.343956 +0530,
board,11,11,0,1,0.6242871669819579,,,,,,,,,,,,0,11,11,4,,,,,7.858351416012738,,7.853273375018034,7.858351416012738,7.858351416012738,8.483558957988862,1,0.6242871669819579,,,,,,,,,,,,,,,004,001,2025-10-15_16h08.46.561,Tutorial 5,,2025.1.1,None,2025-10-15 16h08.53.343956 +0530,
marble,12,12,0,1,0.4691074580186978,,,,,,,,,,,,0,12,12,3,,,,,8.491189583030064,,8.485203541000374,8.491189583030064,8.491189583030064,8.959435458004009,1,0.4691074580186978,,,,,,,,,,,,,,,004,001,2025-10-15_16h08.46.561,Tutorial 5,,2025.1.1,None,2025-10-15 16h08.53.343956 +0530,
Case,13,13,0,1.0203665987780042,1.110343583044596,,,,,,,,,,,,0,13,13,10,,,,,8.96716420800658,,8.961173415998928,8.96716420800658,8.96716420800658,10.077289208013099,1.0203665987780042,1.110343583044596,,,,,,,,,,,,,,,004,001,2025-10-15_16h08.46.561,Tutorial 5,,2025.1.1,None,2025-10-15 16h08.53.343956 +0530,
Poster,14,14,0,1.0203665987780042,0.5049568340182304,,,,,,,,,,,,0,14,14,14,,,,,10.084165333013516,,10.07906970800832,10.084165333013516,10.084165333013516,10.593338000006042,1.0203665987780042,0.5049568340182304,,,,,,,,,,,,,,,004,001,2025-10-15_16h08.46.561,Tutorial 5,,2025.1.1,None,2025-10-15 16h08.53.343956 +0530,
,0,0,0,,,ta_l_,Table,new,table,"[np.float64(-0.062118126272912425), np.float64(-0.06313645621181263)]","[np.float64(-0.2576374745417515), np.float64(-0.31466395112016293)]","[1, 1]","[0, 0]","[0, 0]","[2.840167124988511, 3.3433939999667928]","[None, 'submit_text']",,,,,0,0,0,15,10.611128166026901,,,,,,,,10.602750791003928,10.611128166026901,10.611128166026901,10.611128166026901,0.009415416978299618,13.946293666027486,table,"[np.float64(-0.062118126272912425), np.float64(-0.06313645621181263)]","[np.float64(-0.2576374745417515), np.float64(-0.31466395112016293)]","[1, 1]","[0, 0]","[0, 0]","[2.840167124988511, 3.3433939999667928]","[None, 'submit_text']",004,001,2025-10-15_16h08.46.561,Tutorial 5,,2025.1.1,None,2025-10-15 16h08.53.343956 +0530,
,1,1,0,,,bo_t_e,Bottle,new,bottle,[np.float64(0.0050916496945010185)],[np.float64(-0.28716904276985744)],[1],[0],[0],[2.989898958010599],['submit_text'],,,,,0,1,1,18,13.955077874998096,,,,,,,,13.948674125014804,13.955077874998096,13.955077874998096,13.955077874998096,0.002212667022831738,16.93876133300364,bottle,[np.float64(0.0050916496945010185)],[np.float64(-0.28716904276985744)],[1],[0],[0],[2.989898958010599],['submit_text'],004,001,2025-10-15_16h08.46.561,Tutorial 5,,2025.1.1,None,2025-10-15 16h08.53.343956 +0530,
,2,2,0,,,_ru_is_,Cruise,old,cruise,[np.float64(0.04684317718940937)],[np.float64(-0.29124236252545826)],[1],[0],[0],[2.67516862496268],['submit_text'],,,,,0,2,2,6,16.948090541001875,,,,,,,,16.94102125003701,16.948090541001875,16.948090541001875,16.948090541001875,0.0021313749602995813,19.616360458021518,cruise,[np.float64(0.04684317718940937)],[np.float64(-0.29124236252545826)],[1],[0],[0],[2.67516862496268],['submit_text'],004,001,2025-10-15_16h08.46.561,Tutorial 5,,2025.1.1,None,2025-10-15 16h08.53.343956 +0530,
,3,3,0,,,c_m_ra,Camera,new,camera,[np.float64(0.0)],[np.float64(-0.3258655804480652)],[1],[0],[0],[3.181142666959204],['submit_text'],,,,,0,3,3,19,19.625703416008037,,,,,,,,19.61864170798799,19.625703416008037,19.625703416008037,19.625703416008037,0.0021640839986503124,22.799977708025835,camera,[np.float64(0.0)],[np.float64(-0.3258655804480652)],[1],[0],[0],[3.181142666959204],['submit_text'],004,001,2025-10-15_16h08.46.561,Tutorial 5,,2025.1.1,None,2025-10-15 16h08.53.343956 +0530,
,4,4,0,,,_oo_,Book,old,book,[np.float64(0.012219959266802444)],[np.float64(-0.29124236252545826)],[1],[0],[0],[2.1484995000064373],['submit_text'],,,,,0,4,4,13,22.80858499999158,,,,,,,,22.801952000008896,22.80858499999158,22.80858499999158,22.80858499999158,0.0018662079819478095,24.950613791006617,book,[np.float64(0.012219959266802444)],[np.float64(-0.29124236252545826)],[1],[0],[0],[2.1484995000064373],['submit_text'],004,001,2025-10-15_16h08.46.561,Tutorial 5,,2025.1.1,None,2025-10-15 16h08.53.343956 +0530,
,5,5,0,,,P_lice,Police,old,Police,[np.float64(-0.013238289205702648)],[np.float64(-0.2892057026476578)],[1],[0],[0],[2.197076875017956],['submit_text'],,,,,0,5,5,7,24.959413125005085,,,,,,,,24.95254345802823,24.959413125005085,24.959413125005085,24.959413125005085,0.001832542009651661,27.149779416038655,Police,[np.float64(-0.013238289205702648)],[np.float64(-0.2892057026476578)],[1],[0],[0],[2.197076875017956],['submit_text'],004,001,2025-10-15_16h08.46.561,Tutorial 5,,2025.1.1,None,2025-10-15 16h08.53.343956 +0530,
,6,6,0,,,_a_bl_,Marble,old,table,[np.float64(0.0824847250509165)],[np.float64(-0.3054989816700611)],[1],[0],[0],[2.727964208985213],['submit_text'],,,,,0,6,6,11,27.158956125029363,,,,,,,,27.1518105409923,27.158956125029363,27.158956125029363,27.158956125029363,0.0019069580012001097,29.879964374995325,table,[np.float64(0.0824847250509165)],[np.float64(-0.3054989816700611)],[1],[0],[0],[2.727964208985213],['submit_text'],004,001,2025-10-15_16h08.46.561,Tutorial 5,,2025.1.1,None,2025-10-15 16h08.53.343956 +0530,
,7,7,0,,,v_s_,Vase,new,vase,[np.float64(0.06720977596741344)],[np.float64(-0.3095723014256619)],[1],[0],[0],[1.955343207984697],['submit_text'],,,,,0,7,7,17,29.890308708010707,,,,,,,,29.88322729099309,29.890308708010707,29.890308708010707,29.890308708010707,0.0031405420158989727,31.838735083001666,vase,[np.float64(0.06720977596741344)],[np.float64(-0.3095723014256619)],[1],[0],[0],[1.955343207984697],['submit_text'],004,001,2025-10-15_16h08.46.561,Tutorial 5,,2025.1.1,None,2025-10-15 16h08.53.343956 +0530,
,8,8,0,,,P_astr_,Pastry,old,Pastry,[np.float64(0.07739307535641547)],[np.float64(-0.3085539714867617)],[1],[0],[0],[3.5340019579743966],['submit_text'],,,,,0,8,8,4,31.846787707996555,,,,,,,,31.840895750035997,31.846787707996555,31.846787707996555,31.846787707996555,0.0020575419766828418,35.3750645830296,Pastry,[np.float64(0.07739307535641547)],[np.float64(-0.3085539714867617)],[1],[0],[0],[3.5340019579743966],['submit_text'],004,001,2025-10-15_16h08.46.561,Tutorial 5,,2025.1.1,None,2025-10-15 16h08.53.343956 +0530,
,9,9,0,,,p_nc_l,Pencil,new,pencil,[np.float64(0.08044806517311609)],[np.float64(-0.29327902240325865)],[1],[0],[0],[2.175049540994223],['submit_text'],,,,,0,9,9,16,35.384169375000056,,,,,,,,35.37710625003092,35.384169375000056,35.384169375000056,35.384169375000056,0.001958457985892892,37.55234062502859,pencil,[np.float64(0.08044806517311609)],[np.float64(-0.29327902240325865)],[1],[0],[0],[2.175049540994223],['submit_text'],004,001,2025-10-15_16h08.46.561,Tutorial 5,,2025.1.1,None,2025-10-15 16h08.53.343956 +0530,
,10,10,0,,,_ho_e,Phone,old,phone,[np.float64(0.07535641547861507)],[np.float64(-0.3167006109979633)],[1],[0],[0],[2.255240958998911],['submit_text'],,,,,0,10,10,12,37.56193862500368,,,,,,,,37.554730291012675,37.56193862500368,37.56193862500368,37.56193862500368,0.0022831670357845724,39.810160666005686,phone,[np.float64(0.07535641547861507)],[np.float64(-0.3167006109979633)],[1],[0],[0],[2.255240958998911],['submit_text'],004,001,2025-10-15_16h08.46.561,Tutorial 5,,2025.1.1,None,2025-10-15 16h08.53.343956 +0530,
,11,11,0,,,_o_rd,Board,old,board,[np.float64(0.06924643584521385)],[np.float64(-0.31568228105906315)],[1],[0],[0],[2.278792458004318],['submit_text'],,,,,0,11,11,10,39.81945716601331,,,,,,,,39.8123573330231,39.81945716601331,39.81945716601331,39.81945716601331,0.0020937080262228847,42.091321957996115,board,[np.float64(0.06924643584521385)],[np.float64(-0.31568228105906315)],[1],[0],[0],[2.278792458004318],['submit_text'],004,001,2025-10-15_16h08.46.561,Tutorial 5,,2025.1.1,None,2025-10-15 16h08.53.343956 +0530,
,12,12,0,,,c_s_,Case,old,case,[np.float64(0.09368635437881874)],[np.float64(-0.29022403258655805)],[1],[0],[0],[1.9755678750225343],['submit_text'],,,,,0,12,12,5,42.100231165997684,,,,,,,,42.092979083012324,42.100231165997684,42.100231165997684,42.100231165997684,0.0015736249624751508,44.068714791035745,case,[np.float64(0.09368635437881874)],[np.float64(-0.29022403258655805)],[1],[0],[0],[1.9755678750225343],['submit_text'],004,001,2025-10-15_16h08.46.561,Tutorial 5,,2025.1.1,None,2025-10-15 16h08.53.343956 +0530,
,13,13,0,,,c_s_io_,Cushion,old,cushion,[np.float64(0.09063136456211812)],[np.float64(-0.29124236252545826)],[1],[0],[0],[2.671769500011578],['submit_text'],,,,,0,13,13,14,44.07766841602279,,,,,,,,44.07074570801342,44.07766841602279,44.07766841602279,44.07766841602279,0.0019424170022830367,46.74271312501514,cushion,[np.float64(0.09063136456211812)],[np.float64(-0.29124236252545826)],[1],[0],[0],[2.671769500011578],['submit_text'],004,001,2025-10-15_16h08.46.561,Tutorial 5,,2025.1.1,None,2025-10-15 16h08.53.343956 +0530,
,14,14,0,,,_ou_se,mouse,old,mouse,[np.float64(0.054989816700611)],[np.float64(-0.28818737270875766)],[1],[0],[0],[2.038052666001022],['submit_text'],,,,,0,14,14,3,46.752432083012536,,,,,,,,46.74482550000539,46.752432083012536,46.752432083012536,46.752432083012536,0.002007792005315423,48.78307808301179,mouse,[np.float64(0.054989816700611)],[np.float64(-0.28818737270875766)],[1],[0],[0],[2.038052666001022],['submit_text'],004,001,2025-10-15_16h08.46.561,Tutorial 5,,2025.1.1,None,2025-10-15 16h08.53.343956 +0530,
,15,15,0,,,P_st_r,Poster,old,Poster,[np.float64(0.07535641547861507)],[np.float64(-0.3024439918533605)],[1],[0],[0],[4.474740625009872],['submit_text'],,,,,0,15,15,9,48.791983790986706,,,,,,,,48.78518733300734,48.791983790986706,48.791983790986706,48.791983790986706,0.002006000024266541,53.26012329099467,Poster,[np.float64(0.07535641547861507)],[np.float64(-0.3024439918533605)],[1],[0],[0],[4.474740625009872],['submit_text'],004,001,2025-10-15_16h08.46.561,Tutorial 5,,2025.1.1,None,2025-10-15 16h08.53.343956 +0530,
,16,16,0,,,l_pt_p,Laptop,old,laptop,[np.float64(0.06924643584521385)],[np.float64(-0.3065173116089613)],[1],[0],[0],[2.367308667046018],['submit_text'],,,,,0,16,16,0,53.27033087500604,,,,,,,,53.26254054100718,53.27033087500604,53.27033087500604,53.27033087500604,0.002314666984602809,55.63005516602425,laptop,[np.float64(0.06924643584521385)],[np.float64(-0.3065173116089613)],[1],[0],[0],[2.367308667046018],['submit_text'],004,001,2025-10-15_16h08.46.561,Tutorial 5,,2025.1.1,None,2025-10-15 16h08.53.343956 +0530,
,17,17,0,,,T_hi_t,Tshirt,old,Tshirt,[np.float64(0.06109979633401222)],[np.float64(-0.29429735234215887)],[1],[0],[0],[2.394316333986353],['submit_text'],,,,,0,17,17,2,55.638074166025035,,,,,,,,55.632070249994285,55.638074166025035,55.638074166025035,55.638074166025035,0.00190175004536286,58.02658170799259,Tshirt,[np.float64(0.06109979633401222)],[np.float64(-0.29429735234215887)],[1],[0],[0],[2.394316333986353],['submit_text'],004,001,2025-10-15_16h08.46.561,Tutorial 5,,2025.1.1,None,2025-10-15 16h08.53.343956 +0530,
,18,18,0,,,_ha_t,Chart,old,chart,[np.float64(0.0539714867617108)],[np.float64(-0.28818737270875766)],[1],[0],[0],[2.195045083994046],['submit_text'],,,,,0,18,18,1,58.03689183300594,,,,,,,,58.02917329099728,58.03689183300594,58.03689183300594,58.03689183300594,0.0024642079952172935,60.22443112498149,chart,[np.float64(0.0539714867617108)],[np.float64(-0.28818737270875766)],[1],[0],[0],[2.195045083994046],['submit_text'],004,001,2025-10-15_16h08.46.561,Tutorial 5,,2025.1.1,None,2025-10-15 16h08.53.343956 +0530,
,19,19,0,,,K_y_,Keys,old,Keys,[np.float64(0.04684317718940937)],[np.float64(-0.28818737270875766)],[1],[0],[0],[2.0726764160208404],['submit_text'],,,,,0,19,19,8,60.23367870802758,,,,,,,,60.22624899999937,60.23367870802758,60.23367870802758,60.23367870802758,0.0017261250177398324,62.29914562503109,Keys,[np.float64(0.04684317718940937)],[np.float64(-0.28818737270875766)],[1],[0],[0],[2.0726764160208404],['submit_text'],004,001,2025-10-15_16h08.46.561,Tutorial 5,,2025.1.1,None,2025-10-15 16h08.53.343956 +0530,
