thisN,thisTrialN,thisRepN,key_resp.keys,key_resp.corr,key_resp.rt,key_resp.duration,tilt,trials.thisRepN,trials.thisTrialN,trials.thisN,trials.thisIndex,thisRow.t,notes,trial.started,fixation.started,key_resp.started,fixation.stopped,trial.stopped,trials.key_resp.keys,trials.key_resp.corr,trials.key_resp.rt,trials.key_resp.duration,trials.tilt,participant,session,date,expName,expVersion,psychopyVersion,frameRate,expStart,
0,0,0,up,1,1.417014166014269,None,0,0,0,0,0,0.012399458006257191,,0.008246042008977383,0.012399458006257191,1.0078482080134563,1.011710958002368,2.608460167015437,up,1,1.417014166014269,None,0,02,001,2025-09-09_09h40.40.966,Signal detection,,2025.1.1,None,2025-09-09 09h40.47.816225 +0530,
1,0,1,up,1,0.6476941670116503,None,0,1,0,1,0,2.6492361670243554,,2.6085911670234054,2.6492361670243554,3.604609250003705,3.646244833013043,4.255327292019501,up,1,0.6476941670116503,None,0,02,001,2025-09-09_09h40.40.966,Signal detection,,2025.1.1,None,2025-09-09 09h40.47.816225 +0530,
2,0,2,up,1,0.5283740409940947,None,3,2,0,2,0,4.278914374997839,,4.2558412500075065,4.278914374997839,5.253918250004062,5.276842958002817,5.790917625010479,up,1,0.5283740409940947,None,3,02,001,2025-09-09_09h40.40.966,Signal detection,,2025.1.1,None,2025-09-09 09h40.47.816225 +0530,
3,0,3,down,1,0.6128288749896456,None,1,3,0,3,0,5.800302042014664,,5.791629167011706,5.800302042014664,6.78237137501128,6.800760125013767,7.406187000015052,down,1,0.6128288749896456,None,1,02,001,2025-09-09_09h40.40.966,Signal detection,,2025.1.1,None,2025-09-09 09h40.47.816225 +0530,
4,0,4,down,1,0.6384639590105508,None,2,4,0,4,0,7.415889583004173,,7.4069368750206195,7.415889583004173,8.398713167000096,8.409389833017485,9.041696125001181,down,1,0.6384639590105508,None,2,02,001,2025-09-09_09h40.40.966,Signal detection,,2025.1.1,None,2025-09-09 09h40.47.816225 +0530,
5,0,5,down,1,0.6407273750228342,None,0,5,0,5,0,9.04972533302498,,9.042400792008266,9.04972533302498,10.044381708023138,10.044381708023138,10.696674208011245,down,1,0.6407273750228342,None,0,02,001,2025-09-09_09h40.40.966,Signal detection,,2025.1.1,None,2025-09-09 09h40.47.816225 +0530,
6,0,6,up,1,0.7835792499827221,None,0,6,0,6,0,10.705921250017127,,10.697242791997269,10.705921250017127,11.688493791996734,11.693253042001743,12.476548333012033,up,1,0.7835792499827221,None,0,02,001,2025-09-09_09h40.40.966,Signal detection,,2025.1.1,None,2025-09-09 09h40.47.816225 +0530,
7,0,7,up,1,0.5974063749890774,None,1,7,0,7,0,12.485178333008662,,12.4771830420068,12.485178333008662,13.466619708022336,13.48343120800564,14.06663645801018,up,1,0.5974063749890774,None,1,02,001,2025-09-09_09h40.40.966,Signal detection,,2025.1.1,None,2025-09-09 09h40.47.816225 +0530,
8,0,8,up,0,0.8581211249984335,None,0,8,0,8,0,14.074544542003423,,14.067324917006772,14.074544542003423,15.05997525001294,15.072242082998855,15.924823792011011,up,0,0.8581211249984335,None,0,02,001,2025-09-09_09h40.40.966,Signal detection,,2025.1.1,None,2025-09-09 09h40.47.816225 +0530,
9,0,9,up,1,0.6503087090095505,None,-3,9,0,9,0,15.934244375006529,,15.925555833004182,15.934244375006529,16.91663270801655,16.929320125025697,17.580950083007338,up,1,0.6503087090095505,None,-3,02,001,2025-09-09_09h40.40.966,Signal detection,,2025.1.1,None,2025-09-09 09h40.47.816225 +0530,
10,0,10,down,1,0.5789579589909408,None,-4,10,0,10,0,17.590381417016033,,17.58173870801693,17.590381417016033,18.569989167008316,18.587749625003198,19.164042333024554,down,1,0.5789579589909408,None,-4,02,001,2025-09-09_09h40.40.966,Signal detection,,2025.1.1,None,2025-09-09 09h40.47.816225 +0530,
11,0,11,down,1,0.5274782080086879,None,-5,11,0,11,0,19.173474458017154,,19.16477370800567,19.173474458017154,20.162421042012284,20.16785887500737,20.699773958011065,down,1,0.5274782080086879,None,-5,02,001,2025-09-09_09h40.40.966,Signal detection,,2025.1.1,None,2025-09-09 09h40.47.816225 +0530,
12,0,12,down,1,1.2999201249913312,None,0,12,0,12,0,20.708832333009923,,20.700495292025153,20.708832333009923,21.70091295801103,21.70091295801103,23.01239733301918,down,1,1.2999201249913312,None,0,02,001,2025-09-09_09h40.40.966,Signal detection,,2025.1.1,None,2025-09-09 09h40.47.816225 +0530,
13,0,13,down,0,1.0438895420229528,None,0,13,0,13,0,23.02139933302533,,23.01309633301571,23.02139933302533,24.00195991701912,24.018786625005305,25.0563032500213,down,0,1.0438895420229528,None,0,02,001,2025-09-09_09h40.40.966,Signal detection,,2025.1.1,None,2025-09-09 09h40.47.816225 +0530,
14,0,14,down,0,0.975610958004836,None,3,14,0,14,0,25.06626070800121,,25.05708104200312,25.06626070800121,26.05409408302512,26.058613375003915,27.035409542004345,down,0,0.975610958004836,None,3,02,001,2025-09-09_09h40.40.966,Signal detection,,2025.1.1,None,2025-09-09 09h40.47.816225 +0530,
15,0,15,down,1,0.8763962500088383,None,-3,15,0,15,0,27.044657542021014,,27.03622095801984,27.044657542021014,28.028347000014037,28.03158033301588,28.908169667003676,down,1,0.8763962500088383,None,-3,02,001,2025-09-09_09h40.40.966,Signal detection,,2025.1.1,None,2025-09-09 09h40.47.816225 +0530,
16,0,16,down,1,0.6918304169957992,None,0,16,0,16,0,28.91806562501006,,28.909095708018867,28.91806562501006,29.898879333020886,29.91722858301364,30.596073250024347,down,1,0.6918304169957992,None,0,02,001,2025-09-09_09h40.40.966,Signal detection,,2025.1.1,None,2025-09-09 09h40.47.816225 +0530,
17,0,17,down,0,0.9896385000029113,None,0,17,0,17,0,30.605224500002805,,30.596754750004038,30.605224500002805,31.59597045800183,31.60120766700129,32.59005716702086,down,0,0.9896385000029113,None,0,02,001,2025-09-09_09h40.40.966,Signal detection,,2025.1.1,None,2025-09-09 09h40.47.816225 +0530,
18,0,18,up,1,0.5294916669954546,None,0,18,0,18,0,32.599482292018365,,32.59068175000721,32.599482292018365,33.58208045799984,33.59360087499954,34.1249480000115,up,1,0.5294916669954546,None,0,02,001,2025-09-09_09h40.40.966,Signal detection,,2025.1.1,None,2025-09-09 09h40.47.816225 +0530,
19,0,19,up,1,0.7486368340032641,None,0,19,0,19,0,34.13369916702504,,34.12581008300185,34.13369916702504,35.12579583300976,35.12579583300976,35.889135833014734,up,1,0.7486368340032641,None,0,02,001,2025-09-09_09h40.40.966,Signal detection,,2025.1.1,None,2025-09-09 09h40.47.816225 +0530,
20,0,20,up,1,0.6043502499815077,None,0,20,0,20,0,35.898155500006396,,35.88975008300622,35.898155500006396,36.8782017500198,36.89618891701684,37.48728275002213,up,1,0.6043502499815077,None,0,02,001,2025-09-09_09h40.40.966,Signal detection,,2025.1.1,None,2025-09-09 09h40.47.816225 +0530,
21,0,21,up,1,0.7759774999867659,None,0,21,0,21,0,37.4960729170125,,37.487912542012054,37.4960729170125,38.48046891699778,38.48496529200929,39.262134292017436,up,1,0.7759774999867659,None,0,02,001,2025-09-09_09h40.40.966,Signal detection,,2025.1.1,None,2025-09-09 09h40.47.816225 +0530,
22,0,22,up,1,0.5671392499934882,None,0,22,0,22,0,39.27074125001673,,39.26279445801629,39.27074125001673,40.26129545801086,40.26129545801086,40.83097754200571,up,1,0.5671392499934882,None,0,02,001,2025-09-09_09h40.40.966,Signal detection,,2025.1.1,None,2025-09-09 09h40.47.816225 +0530,
23,0,23,up,1,0.6535302079864778,None,0,23,0,23,0,40.8406662500056,,40.83157929201843,40.8406662500056,41.82685016700998,41.831901416997425,42.49050020801951,up,1,0.6535302079864778,None,0,02,001,2025-09-09_09h40.40.966,Signal detection,,2025.1.1,None,2025-09-09 09h40.47.816225 +0530,
24,0,24,up,1,0.6570990420004819,None,0,24,0,24,0,42.4997741249972,,42.49113245800254,42.4997741249972,43.48230495801545,43.49463175001438,44.15028258302482,up,1,0.6570990420004819,None,0,02,001,2025-09-09_09h40.40.966,Signal detection,,2025.1.1,None,2025-09-09 09h40.47.816225 +0530,
25,0,25,up,1,0.5768897919915617,None,-3,25,0,25,0,44.15955637500156,,44.15090866701212,44.15955637500156,45.140513250022195,45.158024458010914,45.725265625020256,up,1,0.5768897919915617,None,-3,02,001,2025-09-09_09h40.40.966,Signal detection,,2025.1.1,None,2025-09-09 09h40.47.816225 +0530,
26,0,26,down,1,0.6065294170111883,None,0,26,0,26,0,45.7347140830243,,45.72592558301403,45.7347140830243,46.719741542008705,46.72295700001996,47.32805166702019,down,1,0.6065294170111883,None,0,02,001,2025-09-09_09h40.40.966,Signal detection,,2025.1.1,None,2025-09-09 09h40.47.816225 +0530,
27,0,27,up,1,0.9042094169999473,None,-2,27,0,27,0,47.33278200001223,,47.328658250014996,47.33278200001223,48.319019542017486,48.323764000000665,49.22461558302166,up,1,0.9042094169999473,None,-2,02,001,2025-09-09_09h40.40.966,Signal detection,,2025.1.1,None,2025-09-09 09h40.47.816225 +0530,
28,0,28,up,0,0.6656962500128429,None,-2,28,0,28,0,49.23260950000258,,49.22527658301988,49.23260950000258,50.220474208006635,50.22476862501935,50.89271995800664,up,0,0.6656962500128429,None,-2,02,001,2025-09-09_09h40.40.966,Signal detection,,2025.1.1,None,2025-09-09 09h40.47.816225 +0530,
29,0,29,up,0,0.46456054199370556,None,-3,29,0,29,0,50.902237542002695,,50.893555542017566,50.902237542002695,51.88458825001726,51.89075175000471,52.35186712502036,up,0,0.46456054199370556,None,-3,02,001,2025-09-09_09h40.40.966,Signal detection,,2025.1.1,None,2025-09-09 09h40.47.816225 +0530,
30,0,30,down,1,0.5712287089845631,None,0,30,0,30,0,52.35780433300533,,52.35264300002018,52.35780433300533,53.34388291701907,53.34852875000797,53.92531662501278,down,1,0.5712287089845631,None,0,02,001,2025-09-09_09h40.40.966,Signal detection,,2025.1.1,None,2025-09-09 09h40.47.816225 +0530,
31,0,31,up,1,1.0042534169915598,None,0,31,0,31,0,53.93507904201397,,53.926090375025524,53.93507904201397,54.91581687500002,54.93190950001008,55.925617917004274,up,1,1.0042534169915598,None,0,02,001,2025-09-09_09h40.40.966,Signal detection,,2025.1.1,None,2025-09-09 09h40.47.816225 +0530,
32,0,32,up,1,0.6662564159778412,None,0,32,0,32,0,55.933772333024535,,55.92625779201626,55.933772333024535,56.92180304200156,56.926740583003266,57.59137708300841,up,1,0.6662564159778412,None,0,02,001,2025-09-09_09h40.40.966,Signal detection,,2025.1.1,None,2025-09-09 09h40.47.816225 +0530,
33,0,33,up,1,0.7127982920210343,None,3,33,0,33,0,57.60081525001442,,57.59210825001355,57.60081525001442,58.588175958022475,58.59291958302492,59.31448320799973,up,1,0.7127982920210343,None,3,02,001,2025-09-09_09h40.40.966,Signal detection,,2025.1.1,None,2025-09-09 09h40.47.816225 +0530,
34,0,34,down,1,0.687801624997519,None,-3,34,0,34,0,59.323860083008185,,59.315217916999245,59.323860083008185,60.3112152920221,60.31505054200534,61.00406508301967,down,1,0.687801624997519,None,-3,02,001,2025-09-09_09h40.40.966,Signal detection,,2025.1.1,None,2025-09-09 09h40.47.816225 +0530,
35,0,35,down,1,0.8502359999984037,None,0,35,0,35,0,61.01323312500608,,61.00486354200984,61.01323312500608,61.993706333014416,62.01125991702429,62.84858879202511,down,1,0.8502359999984037,None,0,02,001,2025-09-09_09h40.40.966,Signal detection,,2025.1.1,None,2025-09-09 09h40.47.816225 +0530,
36,0,36,up,1,1.383529874990927,None,0,36,0,36,0,62.85806012499961,,62.849291208025534,62.85806012499961,63.84039229201153,63.8567857920134,65.23066420800751,up,1,1.383529874990927,None,0,02,001,2025-09-09_09h40.40.966,Signal detection,,2025.1.1,None,2025-09-09 09h40.47.816225 +0530,
37,0,37,down,0,0.9184847920259926,None,0,37,0,37,0,65.23982316700858,,65.23108512500767,65.23982316700858,66.22831312500057,66.23283808300039,67.15217683301307,down,0,0.9184847920259926,None,0,02,001,2025-09-09_09h40.40.966,Signal detection,,2025.1.1,None,2025-09-09 09h40.47.816225 +0530,
38,0,38,down,0,1.397944541007746,None,0,38,0,38,0,67.16109345800942,,67.1529273330234,67.16109345800942,68.1518102500122,68.1518102500122,69.55216616700636,down,0,1.397944541007746,None,0,02,001,2025-09-09_09h40.40.966,Signal detection,,2025.1.1,None,2025-09-09 09h40.47.816225 +0530,
39,0,39,up,1,0.8899007079889998,None,2,39,0,39,0,69.55787245801184,,69.55302995801321,69.55787245801184,70.54482545799692,70.54815124999732,71.44904283300275,up,1,0.8899007079889998,None,2,02,001,2025-09-09_09h40.40.966,Signal detection,,2025.1.1,None,2025-09-09 09h40.47.816225 +0530,
40,0,40,down,1,0.6648336249927524,None,0,40,0,40,0,71.45844529202441,,71.44977825001115,71.45844529202441,72.44585041701794,72.4505858750199,73.11472929202137,down,1,0.6648336249927524,None,0,02,001,2025-09-09_09h40.40.966,Signal detection,,2025.1.1,None,2025-09-09 09h40.47.816225 +0530,
41,0,41,up,1,0.899048249993939,None,-5,41,0,41,0,73.12372812500689,,73.11540695800795,73.12372812500689,74.1135830420244,74.11904491702444,75.02189729199745,up,1,0.899048249993939,None,-5,02,001,2025-09-09_09h40.40.966,Signal detection,,2025.1.1,None,2025-09-09 09h40.47.816225 +0530,
42,0,42,down,1,0.6561198749986943,None,0,42,0,42,0,75.03133154200623,,75.02250004201778,75.03133154200623,76.02047558300546,76.02526029202272,76.67914770799689,down,1,0.6561198749986943,None,0,02,001,2025-09-09_09h40.40.966,Signal detection,,2025.1.1,None,2025-09-09 09h40.47.816225 +0530,
43,0,43,up,1,0.6015172080078628,None,0,43,0,43,0,76.68813066702569,,76.6797924170096,76.68813066702569,77.67802183300955,77.68209629200283,78.28220754201175,up,1,0.6015172080078628,None,0,02,001,2025-09-09_09h40.40.966,Signal detection,,2025.1.1,None,2025-09-09 09h40.47.816225 +0530,
44,0,44,up,1,0.6125390829984099,None,0,44,0,44,0,78.29021262499737,,78.28286083301646,78.29021262499737,79.27397137501976,79.28682212502463,79.8884766670235,up,1,0.6125390829984099,None,0,02,001,2025-09-09_09h40.40.966,Signal detection,,2025.1.1,None,2025-09-09 09h40.47.816225 +0530,
45,0,45,up,1,0.6539132080215495,None,0,45,0,45,0,79.89764679200016,,79.88892845800729,79.89764679200016,80.87762662500609,80.89543462501024,81.54165666701738,up,1,0.6539132080215495,None,0,02,001,2025-09-09_09h40.40.966,Signal detection,,2025.1.1,None,2025-09-09 09h40.47.816225 +0530,
46,0,46,up,1,1.039123833004851,None,1,46,0,46,0,81.5519205419987,,81.54258725000545,81.5519205419987,82.53632112502237,82.54042304202449,83.59058529199683,up,1,1.039123833004851,None,1,02,001,2025-09-09_09h40.40.966,Signal detection,,2025.1.1,None,2025-09-09 09h40.47.816225 +0530,
47,0,47,down,1,0.8014307080011349,None,2,47,0,47,0,83.59995987502043,,83.59140329199727,83.59995987502043,84.58499091700651,84.59027170800255,85.39798266702564,down,1,0.8014307080011349,None,2,02,001,2025-09-09_09h40.40.966,Signal detection,,2025.1.1,None,2025-09-09 09h40.47.816225 +0530,
48,0,48,down,1,0.9203234169981442,None,3,48,0,48,0,85.40717254200717,,85.39874504200998,85.40717254200717,86.39537891701912,86.39970433301642,87.32414416701067,down,1,0.9203234169981442,None,3,02,001,2025-09-09_09h40.40.966,Signal detection,,2025.1.1,None,2025-09-09 09h40.47.816225 +0530,
49,0,49,down,1,0.9505104999989271,None,0,49,0,49,0,87.33343295802479,,87.32485825000913,87.33343295802479,88.31587333302014,88.32733583301888,89.27275395800825,down,1,0.9505104999989271,None,0,02,001,2025-09-09_09h40.40.966,Signal detection,,2025.1.1,None,2025-09-09 09h40.47.816225 +0530,
50,0,50,down,0,1.1689905000093859,None,0,50,0,50,0,89.28241924999747,,89.273420292011,89.28241924999747,90.26929766702233,90.2734164170106,91.44652083300753,down,0,1.1689905000093859,None,0,02,001,2025-09-09_09h40.40.966,Signal detection,,2025.1.1,None,2025-09-09 09h40.47.816225 +0530,
51,0,51,up,1,0.7461834159912542,None,-5,51,0,51,0,91.45540470801643,,91.44689887500135,91.45540470801643,92.4360789170023,92.45387916700565,93.19112916701124,up,1,0.7461834159912542,None,-5,02,001,2025-09-09_09h40.40.966,Signal detection,,2025.1.1,None,2025-09-09 09h40.47.816225 +0530,
52,0,52,down,1,0.49898595799459144,None,-4,52,0,52,0,93.199160958,,93.191775083018,93.199160958,94.18222487502499,94.19375854200916,94.68774170801044,down,1,0.49898595799459144,None,-4,02,001,2025-09-09_09h40.40.966,Signal detection,,2025.1.1,None,2025-09-09 09h40.47.816225 +0530,
53,0,53,down,1,0.5058006659965031,None,0,53,0,53,0,94.69666616700124,,94.68814270800794,94.69666616700124,95.68631408302463,95.68631408302463,96.19498641701648,down,1,0.5058006659965031,None,0,02,001,2025-09-09_09h40.40.966,Signal detection,,2025.1.1,None,2025-09-09 09h40.47.816225 +0530,
54,0,54,down,0,0.6861537910008337,None,4,54,0,54,0,96.19997108299867,,96.19562254199991,96.19997108299867,97.19592370800092,97.19592370800092,97.89633329201024,down,0,0.6861537910008337,None,4,02,001,2025-09-09_09h40.40.966,Signal detection,,2025.1.1,None,2025-09-09 09h40.47.816225 +0530,
55,0,55,down,1,0.4917934169934597,None,0,55,0,55,0,97.90520983299939,,97.89677754201693,97.90520983299939,98.89526558300713,98.89983804200892,99.3987574170169,down,1,0.4917934169934597,None,0,02,001,2025-09-09_09h40.40.966,Signal detection,,2025.1.1,None,2025-09-09 09h40.47.816225 +0530,
56,0,56,down,0,0.770456208003452,None,1,56,0,56,0,99.40802083301242,,99.39935637501185,99.40802083301242,100.39058933302294,100.40210525001748,101.17655404200195,down,0,0.770456208003452,None,1,02,001,2025-09-09_09h40.40.966,Signal detection,,2025.1.1,None,2025-09-09 09h40.47.816225 +0530,
57,0,57,down,1,0.8363602499885019,None,0,57,0,57,0,101.18567491701106,,101.17732191699906,101.18567491701106,102.16562687500846,102.18141137500061,103.00892183301039,down,1,0.8363602499885019,None,0,02,001,2025-09-09_09h40.40.966,Signal detection,,2025.1.1,None,2025-09-09 09h40.47.816225 +0530,
58,0,58,down,0,0.6466914580087177,None,-3,58,0,58,0,103.01638475002255,,103.00951816700399,103.01638475002255,104.01024312499794,104.01024312499794,104.65831637501833,down,0,0.6466914580087177,None,-3,02,001,2025-09-09_09h40.40.966,Signal detection,,2025.1.1,None,2025-09-09 09h40.47.816225 +0530,
59,0,59,down,1,1.0860597089922521,None,0,59,0,59,0,104.66562583300401,,104.65899687501951,104.66562583300401,105.64983700000448,105.66253700002562,106.74158720800187,down,1,1.0860597089922521,None,0,02,001,2025-09-09_09h40.40.966,Signal detection,,2025.1.1,None,2025-09-09 09h40.47.816225 +0530,
60,0,60,down,0,0.6318313329829834,None,0,60,0,60,0,106.75077758301632,,106.74229625001317,106.75077758301632,107.73898141700192,107.74401283301995,108.37325745800626,down,0,0.6318313329829834,None,0,02,001,2025-09-09_09h40.40.966,Signal detection,,2025.1.1,None,2025-09-09 09h40.47.816225 +0530,
61,0,61,up,1,1.8907485420058947,None,-4,61,0,61,0,108.38122916701832,,108.37406699999701,108.38122916701832,109.37106416700408,109.37647425002069,111.26792629199917,up,1,1.8907485420058947,None,-4,02,001,2025-09-09_09h40.40.966,Signal detection,,2025.1.1,None,2025-09-09 09h40.47.816225 +0530,
62,0,62,down,1,0.562021416000789,None,0,62,0,62,0,111.27489691702067,,111.26831729200785,111.27489691702067,112.25872633300605,112.27102191699669,112.83222791700973,down,1,0.562021416000789,None,0,02,001,2025-09-09_09h40.40.966,Signal detection,,2025.1.1,None,2025-09-09 09h40.47.816225 +0530,
63,0,63,down,0,0.9038597910257522,None,-3,63,0,63,0,112.84123254200676,,112.83286695802235,112.84123254200676,113.82980266702361,113.8350383330253,114.73709675000282,down,0,0.9038597910257522,None,-3,02,001,2025-09-09_09h40.40.966,Signal detection,,2025.1.1,None,2025-09-09 09h40.47.816225 +0530,
64,0,64,down,1,0.5864154589944519,None,0,64,0,64,0,114.74657433302491,,114.73782579202089,114.74657433302491,115.72732870801701,115.7450617919967,116.3158911250066,down,1,0.5864154589944519,None,0,02,001,2025-09-09_09h40.40.966,Signal detection,,2025.1.1,None,2025-09-09 09h40.47.816225 +0530,
65,0,65,down,0,0.801520500011975,None,0,65,0,65,0,116.32420191701385,,116.31647950000479,116.32420191701385,117.30751816701377,117.31926475002547,118.11080737502198,down,0,0.801520500011975,None,0,02,001,2025-09-09_09h40.40.966,Signal detection,,2025.1.1,None,2025-09-09 09h40.47.816225 +0530,
66,0,66,down,0,0.6526184579997789,None,4,66,0,66,0,118.11621137501788,,118.11148383302498,118.11621137501788,119.10104808301548,119.11318575000041,119.75793866699678,down,0,0.6526184579997789,None,4,02,001,2025-09-09_09h40.40.966,Signal detection,,2025.1.1,None,2025-09-09 09h40.47.816225 +0530,
67,0,67,down,1,0.8396818329929374,None,0,67,0,67,0,119.76595795800677,,119.75860700002522,119.76595795800677,120.7489044580143,120.76019100000849,121.5972748750064,down,1,0.8396818329929374,None,0,02,001,2025-09-09_09h40.40.966,Signal detection,,2025.1.1,None,2025-09-09 09h40.47.816225 +0530,
68,0,68,down,0,0.7603561250143684,None,-2,68,0,68,0,121.60647425000207,,121.5978359169967,121.60647425000207,122.59314795801765,122.59858000001987,123.35612250000122,down,0,0.7603561250143684,None,-2,02,001,2025-09-09_09h40.40.966,Signal detection,,2025.1.1,None,2025-09-09 09h40.47.816225 +0530,
69,0,69,up,0,1.0540012909914367,None,3,69,0,69,0,123.36197879200336,,123.35668804199668,123.36197879200336,124.35249179200036,124.35249179200036,125.41108137500123,up,0,1.0540012909914367,None,3,02,001,2025-09-09_09h40.40.966,Signal detection,,2025.1.1,None,2025-09-09 09h40.47.816225 +0530,
70,0,70,down,1,0.6796228339953814,None,-3,70,0,70,0,125.41966079201666,,125.41178954200586,125.41966079201666,126.4077808750153,126.4077808750153,127.10042900001281,down,1,0.6796228339953814,None,-3,02,001,2025-09-09_09h40.40.966,Signal detection,,2025.1.1,None,2025-09-09 09h40.47.816225 +0530,
71,0,71,down,1,0.8301569170143921,None,-2,71,0,71,0,127.10952733299928,,127.10113216700847,127.10952733299928,128.09120395799982,128.10907466700883,128.9254596250248,down,1,0.8301569170143921,None,-2,02,001,2025-09-09_09h40.40.966,Signal detection,,2025.1.1,None,2025-09-09 09h40.47.816225 +0530,
72,0,72,down,1,1.3665145830018446,None,4,72,0,72,0,128.93382237502374,,128.92624183301814,128.93382237502374,129.92181941700983,129.92725954201887,131.29720645802445,down,1,1.3665145830018446,None,4,02,001,2025-09-09_09h40.40.966,Signal detection,,2025.1.1,None,2025-09-09 09h40.47.816225 +0530,
73,0,73,down,1,0.6388311659975443,None,0,73,0,73,0,131.30625333302305,,131.29785887501203,131.30625333302305,132.29454258302576,132.29885858300258,132.93998658302007,down,1,0.6388311659975443,None,0,02,001,2025-09-09_09h40.40.966,Signal detection,,2025.1.1,None,2025-09-09 09h40.47.816225 +0530,
74,0,74,down,0,0.8497745829808991,None,0,74,0,74,0,132.94949404199724,,132.94063033300336,132.94949404199724,133.93249641702278,133.9433512079995,134.79613691702252,down,0,0.8497745829808991,None,0,02,001,2025-09-09_09h40.40.966,Signal detection,,2025.1.1,None,2025-09-09 09h40.47.816225 +0530,
75,0,75,up,1,1.0085611249960493,None,0,75,0,75,0,134.8053748329985,,134.79661604200373,134.8053748329985,135.79361987501034,135.79852595800185,136.8082849170023,up,1,1.0085611249960493,None,0,02,001,2025-09-09_09h40.40.966,Signal detection,,2025.1.1,None,2025-09-09 09h40.47.816225 +0530,
76,0,76,up,1,1.3876032090047374,None,1,76,0,76,0,136.81615291701746,,136.80885162501363,136.81615291701746,137.8095245420118,137.8095245420118,139.19959208302316,up,1,1.3876032090047374,None,1,02,001,2025-09-09_09h40.40.966,Signal detection,,2025.1.1,None,2025-09-09 09h40.47.816225 +0530,
77,0,77,down,1,1.058968166995328,None,0,77,0,77,0,139.20761283300817,,139.2002869170101,139.20761283300817,140.1911128750071,140.20283387502423,141.25222745799692,down,1,1.058968166995328,None,0,02,001,2025-09-09_09h40.40.966,Signal detection,,2025.1.1,None,2025-09-09 09h40.47.816225 +0530,
78,0,78,down,0,0.6844319170049857,None,-2,78,0,78,0,141.25766458301223,,141.2529299580201,141.25766458301223,142.2516571250162,142.2516571250162,142.94063895801082,down,0,0.6844319170049857,None,-2,02,001,2025-09-09_09h40.40.966,Signal detection,,2025.1.1,None,2025-09-09 09h40.47.816225 +0530,
79,0,79,down,1,0.4857665409799665,None,0,79,0,79,0,142.94940175002557,,142.94132729200646,142.94940175002557,143.93628883300698,143.93894829202327,144.42392454200308,down,1,0.4857665409799665,None,0,02,001,2025-09-09_09h40.40.966,Signal detection,,2025.1.1,None,2025-09-09 09h40.47.816225 +0530,
80,0,80,up,1,0.7445784169831313,None,0,80,0,80,0,144.43259787501302,,144.4245001670206,144.43259787501302,145.42037366700242,145.42561700000078,146.17151504202047,up,1,0.7445784169831313,None,0,02,001,2025-09-09_09h40.40.966,Signal detection,,2025.1.1,None,2025-09-09 09h40.47.816225 +0530,
81,0,81,up,1,1.0156053340178914,None,-3,81,0,81,0,146.18021991700516,,146.17202216701116,146.18021991700516,147.16136841700063,147.17894837501808,148.18175341701135,up,1,1.0156053340178914,None,-3,02,001,2025-09-09_09h40.40.966,Signal detection,,2025.1.1,None,2025-09-09 09h40.47.816225 +0530,
82,0,82,up,0,0.7648748749925289,None,3,82,0,82,0,148.1911554580147,,148.18244029200287,148.1911554580147,149.17503295800998,149.18733370801783,149.94661408301909,up,0,0.7648748749925289,None,3,02,001,2025-09-09_09h40.40.966,Signal detection,,2025.1.1,None,2025-09-09 09h40.47.816225 +0530,
83,0,83,down,1,0.603208332991926,None,0,83,0,83,0,149.95583570800954,,149.94702241700725,149.95583570800954,150.94268208299764,150.95489300001645,151.55022091700812,down,1,0.603208332991926,None,0,02,001,2025-09-09_09h40.40.966,Signal detection,,2025.1.1,None,2025-09-09 09h40.47.816225 +0530,
84,0,84,up,1,1.5406343749782536,None,0,84,0,84,0,151.56006454201997,,151.55093745799968,151.56006454201997,152.54716866702074,152.55267229201854,154.09089154200046,up,1,1.5406343749782536,None,0,02,001,2025-09-09_09h40.40.966,Signal detection,,2025.1.1,None,2025-09-09 09h40.47.816225 +0530,
85,0,85,up,1,0.820526791998418,None,1,85,0,85,0,154.0993348750053,,154.09150195799884,154.0993348750053,155.08227054201416,155.09510175001924,155.90775275000487,up,1,0.820526791998418,None,1,02,001,2025-09-09_09h40.40.966,Signal detection,,2025.1.1,None,2025-09-09 09h40.47.816225 +0530,
86,0,86,up,0,1.3955543329939246,None,1,86,0,86,0,155.91707950001,,155.90854258299805,155.91707950001,156.90514833299676,156.9108021670254,158.30490583300707,up,0,1.3955543329939246,None,1,02,001,2025-09-09_09h40.40.966,Signal detection,,2025.1.1,None,2025-09-09 09h40.47.816225 +0530,
87,0,87,down,1,2.1751542080019135,None,-2,87,0,87,0,158.3137002500007,,158.30536800000118,158.3137002500007,159.3025991670147,159.30703399999766,161.48999295799877,down,1,2.1751542080019135,None,-2,02,001,2025-09-09_09h40.40.966,Signal detection,,2025.1.1,None,2025-09-09 09h40.47.816225 +0530,
88,0,88,up,0,0.8090647920034826,None,2,88,0,88,0,161.49876966699958,,161.4905105830112,161.49876966699958,162.48752141700243,162.49248304200592,163.30574237499968,up,0,0.8090647920034826,None,2,02,001,2025-09-09_09h40.40.966,Signal detection,,2025.1.1,None,2025-09-09 09h40.47.816225 +0530,
89,0,89,down,1,0.6979193330043927,None,3,89,0,89,0,163.31540529199992,,163.30655266702524,163.31540529199992,164.30268012502347,164.30686254199827,165.0084824580117,down,1,0.6979193330043927,None,3,02,001,2025-09-09_09h40.40.966,Signal detection,,2025.1.1,None,2025-09-09 09h40.47.816225 +0530,
90,0,90,down,1,0.7795882920036092,None,-3,90,0,90,0,165.01792254199972,,165.00918625001214,165.01792254199972,165.99887962502544,166.01666333302273,166.78244966702187,down,1,0.7795882920036092,None,-3,02,001,2025-09-09_09h40.40.966,Signal detection,,2025.1.1,None,2025-09-09 09h40.47.816225 +0530,
91,0,91,down,1,0.7436424170155078,None,0,91,0,91,0,166.7919839580136,,166.7831419170252,166.7919839580136,167.77384654199705,167.7899397080182,168.52317820800818,down,1,0.7436424170155078,None,0,02,001,2025-09-09_09h40.40.966,Signal detection,,2025.1.1,None,2025-09-09 09h40.47.816225 +0530,
92,0,92,up,1,2.334474165982101,None,0,92,0,92,0,168.53210891701747,,168.52382841700455,168.53210891701747,169.51191662502242,169.53092625000863,171.8558590419998,up,1,2.334474165982101,None,0,02,001,2025-09-09_09h40.40.966,Signal detection,,2025.1.1,None,2025-09-09 09h40.47.816225 +0530,
93,0,93,up,1,0.7664336659945548,None,-4,93,0,93,0,171.8651185000199,,171.85648483299883,171.8651185000199,172.85483545801253,172.86061316702398,173.6347392500029,up,1,0.7664336659945548,None,-4,02,001,2025-09-09_09h40.40.966,Signal detection,,2025.1.1,None,2025-09-09 09h40.47.816225 +0530,
94,0,94,down,1,0.576486667006975,None,1,94,0,94,0,173.64342420801404,,173.6353997499973,173.64342420801404,174.62381800002186,174.64209895802196,175.21557354202378,down,1,0.576486667006975,None,1,02,001,2025-09-09_09h40.40.966,Signal detection,,2025.1.1,None,2025-09-09 09h40.47.816225 +0530,
95,0,95,down,1,0.8782553329947405,None,2,95,0,95,0,175.22490770800505,,175.2163649170252,175.22490770800505,176.2070062920102,176.22540995801683,177.0918624580081,down,1,0.8782553329947405,None,2,02,001,2025-09-09_09h40.40.966,Signal detection,,2025.1.1,None,2025-09-09 09h40.47.816225 +0530,
96,0,96,down,1,0.6782507080060896,None,-5,96,0,96,0,177.10115845801192,,177.09272924999823,177.10115845801192,178.0820176670095,178.09817412501434,178.76720487501007,down,1,0.6782507080060896,None,-5,02,001,2025-09-09_09h40.40.966,Signal detection,,2025.1.1,None,2025-09-09 09h40.47.816225 +0530,
97,0,97,down,1,0.6192726250155829,None,2,97,0,97,0,178.77662545800558,,178.76792312500766,178.77662545800558,179.7669285830052,179.7669285830052,180.39629470801447,down,1,0.6192726250155829,None,2,02,001,2025-09-09_09h40.40.966,Signal detection,,2025.1.1,None,2025-09-09 09h40.47.816225 +0530,
98,0,98,down,1,0.6611464589950629,None,2,98,0,98,0,180.40508366702124,,180.39667483299854,180.40508366702124,181.3909297080245,181.40354316701996,182.05386170800193,down,1,0.6611464589950629,None,2,02,001,2025-09-09_09h40.40.966,Signal detection,,2025.1.1,None,2025-09-09 09h40.47.816225 +0530,
99,0,99,down,1,0.5450820409751032,None,0,99,0,99,0,182.05952358301147,,182.05455162501312,182.05952358301147,183.05099737501587,183.05099737501587,183.59963750001043,down,1,0.5450820409751032,None,0,02,001,2025-09-09_09h40.40.966,Signal detection,,2025.1.1,None,2025-09-09 09h40.47.816225 +0530,
