stair.thisTrialN,stair.stepSize,stair.intensity,thisRow.t,notes,trial.started,Fixation.started,grating.started,key_resp.started,Fixation.stopped,grating.stopped,trial.stopped,corrAns,tilt,key_resp.corr,stair.response,key_resp.rt,participant,session,date,expName,expVersion,psychopyVersion,frameRate,expStart,
0,2,10.0,0.004929040995193645,,0.0022955000022193417,0.004929040995193645,0.5028270409966353,0.5028270409966353,0.5114320830034558,0.7894344160013134,1.4316636659932556,right,10.0,1,1,0.7458845420042053,949631,001,2025-09-04_10h32.50.641,Adaptive_staircase Experiment 2,,2025.1.1,None,2025-09-04 10h32.53.080502 +0530,
1,2,8.0,1.4410243329912191,,1.4317728329915553,1.4410243329912191,1.928486165998038,1.928486165998038,1.9364596660016105,2.215599957999075,2.4055919160018675,right,8.0,1,1,0.4677473329938948,949631,001,2025-09-04_10h32.50.641,Adaptive_staircase Experiment 2,,2025.1.1,None,2025-09-04 10h32.53.080502 +0530,
2,2,6.0,2.4233159159921343,,2.4061668749927776,2.4233159159921343,2.903298374993028,2.903298374993028,2.9199393750022864,3.2031830409978284,3.5725826249981765,right,6.0,1,1,0.6589101669960655,949631,001,2025-09-04_10h32.50.641,Adaptive_staircase Experiment 2,,2025.1.1,None,2025-09-04 10h32.53.080502 +0530,
3,2,4.0,3.581535374993109,,3.573062583003775,3.581535374993109,4.067047707998427,4.067047707998427,4.072963457991136,4.369956082999124,4.700811791000888,right,4.0,1,1,0.6300873750005849,949631,001,2025-09-04_10h32.50.641,Adaptive_staircase Experiment 2,,2025.1.1,None,2025-09-04 10h32.53.080502 +0530,
4,2,2.0,4.710749791003764,,4.701308582996717,4.710749791003764,5.203431250003632,5.203431250003632,5.203431250003632,5.503140749991871,5.697309041002882,right,2.0,1,1,0.4837109589861939,949631,001,2025-09-04_10h32.50.641,Adaptive_staircase Experiment 2,,2025.1.1,None,2025-09-04 10h32.53.080502 +0530,
5,2,1.0,5.707213000001502,,5.697765416000038,5.707213000001502,6.190381708001951,6.190381708001951,6.203472957990016,6.486571457993705,6.905707750003785,right,1.0,1,1,0.7117647919949377,949631,001,2025-09-04_10h32.50.641,Adaptive_staircase Experiment 2,,2025.1.1,None,2025-09-04 10h32.53.080502 +0530,
6,2,1.0,6.9146641659899615,,6.906266791003873,6.9146641659899615,7.400061958003789,7.400061958003789,7.406652040997869,7.695218540990027,8.20607287499297,right,1.0,1,1,0.8030133340071188,949631,001,2025-09-04_10h32.50.641,Adaptive_staircase Experiment 2,,2025.1.1,None,2025-09-04 10h32.53.080502 +0530,
7,2,1.0,8.215220790996682,,8.206687290992704,8.215220790996682,8.70302937499946,8.70302937499946,8.705522624994046,9.003175791003741,9.383901875000447,right,1.0,1,1,0.6770667090022471,949631,001,2025-09-04_10h32.50.641,Adaptive_staircase Experiment 2,,2025.1.1,None,2025-09-04 10h32.53.080502 +0530,
8,2,1.0,9.39415399999416,,9.3843584159913,9.39415399999416,9.873347165994346,9.873347165994346,9.89485916600097,10.16982683299284,10.364595708000707,right,1.0,1,1,0.4827193340024678,949631,001,2025-09-04_10h32.50.641,Adaptive_staircase Experiment 2,,2025.1.1,None,2025-09-04 10h32.53.080502 +0530,
9,2,1.0,10.373663249993115,,10.365147958000307,10.373663249993115,10.860828832999687,10.860828832999687,10.86354391599889,11.161505290991045,11.78095858299639,right,1.0,1,1,0.9071688760013785,949631,001,2025-09-04_10h32.50.641,Adaptive_staircase Experiment 2,,2025.1.1,None,2025-09-04 10h32.53.080502 +0530,
10,2,1.0,11.790246582997497,,11.781462124999962,11.790246582997497,12.278345832994091,12.278345832994091,12.286535124992952,12.569864040997345,12.839612832991406,right,1.0,1,1,0.5515624580002623,949631,001,2025-09-04_10h32.50.641,Adaptive_staircase Experiment 2,,2025.1.1,None,2025-09-04 10h32.53.080502 +0530,
11,2,1.0,12.84725929099659,,12.840076708002016,12.84725929099659,13.333288458001334,13.333288458001334,13.345112166003673,13.628211499992176,14.061324915994192,left,-1.0,1,1,0.7046882919967175,949631,001,2025-09-04_10h32.50.641,Adaptive_staircase Experiment 2,,2025.1.1,None,2025-09-04 10h32.53.080502 +0530,
12,1,1.0,14.064140125003178,,14.061447999993106,14.064140125003178,14.549827499999083,14.549827499999083,14.56170912500238,14.84498170799634,15.188649125004304,left,-1.0,0,0,0.6311379580001812,949631,001,2025-09-04_10h32.50.641,Adaptive_staircase Experiment 2,,2025.1.1,None,2025-09-04 10h32.53.080502 +0530,
13,1,2.0,15.19862270799058,,15.189167666001595,15.19862270799058,15.686481540993555,15.686481540993555,15.690464083003462,15.987020665997989,16.44005770799413,left,-2.0,1,1,0.7493411670002388,949631,001,2025-09-04_10h32.50.641,Adaptive_staircase Experiment 2,,2025.1.1,None,2025-09-04 10h32.53.080502 +0530,
14,1,2.0,16.44867683299526,,16.440693750002538,16.44867683299526,16.937007749991608,16.937007749991608,16.944869208004093,17.223647291000816,17.413748457998736,right,2.0,1,1,0.47281937599473167,949631,001,2025-09-04_10h32.50.641,Adaptive_staircase Experiment 2,,2025.1.1,None,2025-09-04 10h32.53.080502 +0530,
15,1,2.0,17.42359429100179,,17.414239082994754,17.42359429100179,17.909731416002614,17.909731416002614,17.91419749999477,18.211429415998282,18.738843290993827,left,-2.0,1,1,0.8230994170007762,949631,001,2025-09-04_10h32.50.641,Adaptive_staircase Experiment 2,,2025.1.1,None,2025-09-04 10h32.53.080502 +0530,
16,1,1.0,18.74415237500216,,18.739122250000946,18.74415237500216,19.23155595800199,19.23155595800199,19.24515537499974,19.52825745799055,19.880120707995957,left,-1.0,1,1,0.6412548340013018,949631,001,2025-09-04_10h32.50.641,Adaptive_staircase Experiment 2,,2025.1.1,None,2025-09-04 10h32.53.080502 +0530,
17,1,1.0,19.88874374999432,,19.880584625003394,19.88874374999432,20.377958582990686,20.377958582990686,20.381313499994576,20.678654040995752,20.9971038329968,left,-1.0,1,1,0.6088122919900343,949631,001,2025-09-04_10h32.50.641,Adaptive_staircase Experiment 2,,2025.1.1,None,2025-09-04 10h32.53.080502 +0530,
18,1,1.0,21.00609179100138,,20.997660833003465,21.00609179100138,21.492784165995545,21.492784165995545,21.497543833000236,21.79533370799618,22.12684454099508,right,1.0,1,1,0.6319650420045946,949631,001,2025-09-04_10h32.50.641,Adaptive_staircase Experiment 2,,2025.1.1,None,2025-09-04 10h32.53.080502 +0530,
19,1,1.0,22.13199379100115,,22.12736795800447,22.13199379100115,22.61689312499948,22.61689312499948,22.623355207993882,22.919716290998622,23.146909624992986,left,-1.0,1,1,0.5228825840022182,949631,001,2025-09-04_10h32.50.641,Adaptive_staircase Experiment 2,,2025.1.1,None,2025-09-04 10h32.53.080502 +0530,
20,0.5,1.0,23.15513749999809,,23.14740320800047,23.15513749999809,23.644968374996097,23.644968374996097,23.649051915999735,23.94496754099964,24.497435915996903,left,-1.0,0,0,0.8467642920004437,949631,001,2025-09-04_10h32.50.641,Adaptive_staircase Experiment 2,,2025.1.1,None,2025-09-04 10h32.53.080502 +0530,
21,0.5,1.5,24.50599033299659,,24.49803620799503,24.50599033299659,24.9950450000033,24.9950450000033,25.003111375001026,25.282561624990194,25.54832591599552,right,1.5,0,0,0.5395939169975463,949631,001,2025-09-04_10h32.50.641,Adaptive_staircase Experiment 2,,2025.1.1,None,2025-09-04 10h32.53.080502 +0530,
22,0.5,2.0,25.556708457996137,,25.548805957994773,25.556708457996137,26.044841290990007,26.044841290990007,26.049355166003807,26.344732790996204,26.43926229099452,right,2.0,1,1,0.38178416700975504,949631,001,2025-09-04_10h32.50.641,Adaptive_staircase Experiment 2,,2025.1.1,None,2025-09-04 10h32.53.080502 +0530,
23,0.5,2.0,26.44838229099696,,26.439812249998795,26.44838229099696,26.936329999996815,26.936329999996815,26.94015316599689,27.237365207998664,27.62570395799412,left,-2.0,1,1,0.6873080420045881,949631,001,2025-09-04_10h32.50.641,Adaptive_staircase Experiment 2,,2025.1.1,None,2025-09-04 10h32.53.080502 +0530,
24,0.5,2.0,27.63495220799814,,27.626177165991976,27.63495220799814,28.116439249992254,28.116439249992254,28.136497250001412,28.411626790999435,28.5175523749931,right,2.0,1,1,0.3981128759915009,949631,001,2025-09-04_10h32.50.641,Adaptive_staircase Experiment 2,,2025.1.1,None,2025-09-04 10h32.53.080502 +0530,
25,0.5,1.5,28.526677125002607,,28.51801637499011,28.526677125002607,29.008475957991323,29.008475957991323,29.028862708000815,29.299352749992977,29.664575082992087,left,-1.5,1,1,0.6431708750023972,949631,001,2025-09-04_10h32.50.641,Adaptive_staircase Experiment 2,,2025.1.1,None,2025-09-04 10h32.53.080502 +0530,
26,0.5,1.5,29.673374457997852,,29.66505245800363,29.673374457997852,30.158058707995224,30.158058707995224,30.170096290996298,30.453153166003176,30.84771383299085,left,-1.5,0,0,0.6795350839965977,949631,001,2025-09-04_10h32.50.641,Adaptive_staircase Experiment 2,,2025.1.1,None,2025-09-04 10h32.53.080502 +0530,
27,0.5,2.0,30.856710583000677,,30.848273790994426,30.856710583000677,31.342968832992483,31.342968832992483,31.347724291001214,31.64435533300275,32.12555633299053,right,2.0,1,1,0.7785598750051577,949631,001,2025-09-04_10h32.50.641,Adaptive_staircase Experiment 2,,2025.1.1,None,2025-09-04 10h32.53.080502 +0530,
28,0.5,2.0,32.13587270799326,,32.12603791599395,32.13587270799326,32.61826524999924,32.61826524999924,32.622438291000435,32.919947957998374,33.11382883299666,right,2.0,1,1,0.4913610420044279,949631,001,2025-09-04_10h32.50.641,Adaptive_staircase Experiment 2,,2025.1.1,None,2025-09-04 10h32.53.080502 +0530,
29,0.5,2.0,33.123485541000264,,33.11433929100167,33.123485541000264,33.60850924999977,33.60850924999977,33.62014404099318,33.90344854099385,34.223177124993526,right,2.0,1,1,0.6119542919914238,949631,001,2025-09-04_10h32.50.641,Adaptive_staircase Experiment 2,,2025.1.1,None,2025-09-04 10h32.53.080502 +0530,
30,0.5,1.5,34.231830749995424,,34.223656791000394,34.231830749995424,34.71967812499497,34.71967812499497,34.72321295799338,35.020018458002596,35.22290212499502,right,1.5,1,1,0.49577170801057946,949631,001,2025-09-04_10h32.50.641,Adaptive_staircase Experiment 2,,2025.1.1,None,2025-09-04 10h32.53.080502 +0530,
31,0.5,1.5,35.23167987499619,,35.223507082992,35.23167987499619,35.7202661249903,35.7202661249903,35.728121749998536,36.00837029099057,36.43017995799892,left,-1.5,1,1,0.7051755830034381,949631,001,2025-09-04_10h32.50.641,Adaptive_staircase Experiment 2,,2025.1.1,None,2025-09-04 10h32.53.080502 +0530,
32,0.5,1.5,36.438447458000155,,36.43070491599792,36.438447458000155,36.92379304100177,36.92379304100177,36.937027915992076,37.220073958000285,37.86424237499887,right,1.5,1,1,0.9336287920014001,949631,001,2025-09-04_10h32.50.641,Adaptive_staircase Experiment 2,,2025.1.1,None,2025-09-04 10h32.53.080502 +0530,
33,0.5,1.0,37.8726765409956,,37.864807582998765,37.8726765409956,38.36073316600232,38.36073316600232,38.36389591600164,38.66142316599144,39.11824962499668,left,-1.0,1,1,0.7516483749932377,949631,001,2025-09-04_10h32.50.641,Adaptive_staircase Experiment 2,,2025.1.1,None,2025-09-04 10h32.53.080502 +0530,
34,0.5,1.0,39.12741270799597,,39.11872724999557,39.12741270799597,39.61977058299817,39.61977058299817,39.61977058299817,39.9199737500021,40.59724520800228,left,-1.0,1,1,0.9745223339996301,949631,001,2025-09-04_10h32.50.641,Adaptive_staircase Experiment 2,,2025.1.1,None,2025-09-04 10h32.53.080502 +0530,
35,0.5,1.0,40.60579179099295,,40.59775429099682,40.60579179099295,41.091152374996454,41.091152374996454,41.103552250002394,41.386544915993,42.0305464159901,left,-1.0,0,0,0.9371290419949219,949631,001,2025-09-04_10h32.50.641,Adaptive_staircase Experiment 2,,2025.1.1,None,2025-09-04 10h32.53.080502 +0530,
36,0.5,1.5,42.03991745799431,,42.0310872909904,42.03991745799431,42.524358208000194,42.524358208000194,42.536702875004266,42.81971899999189,43.18864958299673,left,-1.5,1,1,0.6599137500015786,949631,001,2025-09-04_10h32.50.641,Adaptive_staircase Experiment 2,,2025.1.1,None,2025-09-04 10h32.53.080502 +0530,
37,0.5,1.5,43.19817570799205,,43.18912699999055,43.19817570799205,43.68667079099396,43.68667079099396,43.69471933299792,43.97403558299993,44.58859908299928,left,-1.5,1,1,0.8972116249933606,949631,001,2025-09-04_10h32.50.641,Adaptive_staircase Experiment 2,,2025.1.1,None,2025-09-04 10h32.53.080502 +0530,
38,0.5,1.5,44.598552583003766,,44.58909883299202,44.598552583003766,45.08342233300209,45.08342233300209,45.09509691600397,45.37816570799623,45.85480099999404,left,-1.5,1,1,0.7647646259865724,949631,001,2025-09-04_10h32.50.641,Adaptive_staircase Experiment 2,,2025.1.1,None,2025-09-04 10h32.53.080502 +0530,
39,0.5,1.0,45.863073207990965,,45.855233957991004,45.863073207990965,46.3504845409916,46.3504845409916,46.35631058299623,46.65335837499879,47.234103082999354,left,-1.0,0,0,0.8796530840045307,949631,001,2025-09-04_10h32.50.641,Adaptive_staircase Experiment 2,,2025.1.1,None,2025-09-04 10h32.53.080502 +0530,
40,0.5,1.5,47.24363450000237,,47.23462649999419,47.24363450000237,47.72808437499043,47.72808437499043,47.73176312500436,48.02819929100224,48.42198591599299,left,-1.5,1,1,0.6881097500008764,949631,001,2025-09-04_10h32.50.641,Adaptive_staircase Experiment 2,,2025.1.1,None,2025-09-04 10h32.53.080502 +0530,
41,0.5,1.5,48.43213570800435,,48.422470332996454,48.43213570800435,48.920536290999735,48.920536290999735,48.92346170799283,49.22000541599118,49.66453066599206,left,-1.5,1,1,0.7396508759993594,949631,001,2025-09-04_10h32.50.641,Adaptive_staircase Experiment 2,,2025.1.1,None,2025-09-04 10h32.53.080502 +0530,
42,0.5,1.5,49.67193749999569,,49.66508341599547,49.67193749999569,50.1583624999912,50.1583624999912,50.16999974999635,50.45332891600265,50.84682520799106,left,-1.5,1,1,0.680699916993035,949631,001,2025-09-04_10h32.50.641,Adaptive_staircase Experiment 2,,2025.1.1,None,2025-09-04 10h32.53.080502 +0530,
43,0.5,1.0,50.86990129099286,,50.847200290998444,50.86990129099286,51.339466249992256,51.339466249992256,51.36142945800384,51.63641933299368,52.139519958000164,right,1.0,1,1,0.7895885420002742,949631,001,2025-09-04_10h32.50.641,Adaptive_staircase Experiment 2,,2025.1.1,None,2025-09-04 10h32.53.080502 +0530,
44,0.5,1.0,52.14717179100262,,52.140119582996704,52.14717179100262,52.63675437499478,52.63675437499478,52.64466870800243,52.92826166599116,53.73427966599411,right,1.0,0,0,1.0942107500013663,949631,001,2025-09-04_10h32.50.641,Adaptive_staircase Experiment 2,,2025.1.1,None,2025-09-04 10h32.53.080502 +0530,
45,0.5,1.5,53.74351720800041,,53.734752916003345,53.74351720800041,54.22590870800195,54.22590870800195,54.23161491600331,54.52837312499469,54.92223520799598,left,-1.5,1,1,0.6861084999982268,949631,001,2025-09-04_10h32.50.641,Adaptive_staircase Experiment 2,,2025.1.1,None,2025-09-04 10h32.53.080502 +0530,
46,0.5,1.5,54.931783082996844,,54.922771165991435,54.931783082996844,55.41998295800295,55.41998295800295,55.42812783300178,55.70651674999681,56.072089458000846,right,1.5,1,1,0.6399798759957775,949631,001,2025-09-04_10h32.50.641,Adaptive_staircase Experiment 2,,2025.1.1,None,2025-09-04 10h32.53.080502 +0530,
47,0.5,1.5,56.082089040995925,,56.07257583299361,56.082089040995925,56.56469241599552,56.56469241599552,56.57822662500257,56.86150366599031,57.418761790991994,right,1.5,1,1,0.8492304170067655,949631,001,2025-09-04_10h32.50.641,Adaptive_staircase Experiment 2,,2025.1.1,None,2025-09-04 10h32.53.080502 +0530,
48,0.5,1.0,57.42765904100088,,57.41923966599279,57.42765904100088,57.911968540996895,57.911968540996895,57.916435915991315,58.19975883299776,59.164369457997964,right,1.0,1,1,1.244934291986283,949631,001,2025-09-04_10h32.50.641,Adaptive_staircase Experiment 2,,2025.1.1,None,2025-09-04 10h32.53.080502 +0530,
49,0.5,1.0,59.17325199999323,,59.1648889999924,59.17325199999323,59.66183270799229,59.66183270799229,59.66973391600186,59.96172187499178,60.78970333299367,right,1.0,0,0,1.1249853749905014,949631,001,2025-09-04_10h32.50.641,Adaptive_staircase Experiment 2,,2025.1.1,None,2025-09-04 10h32.53.080502 +0530,
50,0.5,1.5,60.80247275000147,,60.789954915991984,60.80247275000147,61.28102887500427,61.28102887500427,61.303381416000775,61.57802291600092,62.18044045800343,right,1.5,0,0,0.8909147499944083,949631,001,2025-09-04_10h32.50.641,Adaptive_staircase Experiment 2,,2025.1.1,None,2025-09-04 10h32.53.080502 +0530,
51,0.5,2.0,62.189049332999275,,62.18094170799304,62.189049332999275,62.677977874991484,62.677977874991484,62.68116091599222,62.97827116599365,63.63137808299507,left,-2.0,1,1,0.9478427080030087,949631,001,2025-09-04_10h32.50.641,Adaptive_staircase Experiment 2,,2025.1.1,None,2025-09-04 10h32.53.080502 +0530,
52,0.5,2.0,63.640108749998035,,63.63187966599071,63.640108749998035,64.12805333299912,64.12805333299912,64.13189895800315,64.42869408299157,65.07258341599663,right,2.0,1,1,0.9377465419966029,949631,001,2025-09-04_10h32.50.641,Adaptive_staircase Experiment 2,,2025.1.1,None,2025-09-04 10h32.53.080502 +0530,
53,0.5,2.0,65.08183770799951,,65.07313187500404,65.08183770799951,65.56493774999399,65.56493774999399,65.57891883299453,65.86149300000397,66.48083874999429,right,2.0,0,0,0.9108361669932492,949631,001,2025-09-04_10h32.50.641,Adaptive_staircase Experiment 2,,2025.1.1,None,2025-09-04 10h32.53.080502 +0530,
54,0.5,2.5,66.48997758299811,,66.48151037500065,66.48997758299811,66.97840274999908,66.97840274999908,66.98629349999828,67.26596445799805,67.66587766600423,left,-2.5,1,1,0.6852415000030305,949631,001,2025-09-04_10h32.50.641,Adaptive_staircase Experiment 2,,2025.1.1,None,2025-09-04 10h32.53.080502 +0530,
55,0.5,2.5,67.6762543329969,,67.66632562500308,67.6762543329969,68.16990549999173,68.16990549999173,68.16990549999173,68.47007033300179,68.97567112499382,left,-2.5,1,1,0.8015992509899661,949631,001,2025-09-04_10h32.50.641,Adaptive_staircase Experiment 2,,2025.1.1,None,2025-09-04 10h32.53.080502 +0530,
56,0.5,2.5,68.9850197499909,,68.9761290000024,68.9850197499909,69.46963491599308,69.46963491599308,69.4729898749938,69.76979691599263,70.18915962499159,right,2.5,1,1,0.7130305419996148,949631,001,2025-09-04_10h32.50.641,Adaptive_staircase Experiment 2,,2025.1.1,None,2025-09-04 10h32.53.080502 +0530,
57,0.5,2.0,70.19839708300424,,70.18966725000064,70.19839708300424,70.68469708299381,70.68469708299381,70.68886300000304,70.98650529100269,71.2802885830024,left,-2.0,1,1,0.5869247500086203,949631,001,2025-09-04_10h32.50.641,Adaptive_staircase Experiment 2,,2025.1.1,None,2025-09-04 10h32.53.080502 +0530,
58,0.5,2.0,71.2900896659994,,71.28076745799626,71.2900896659994,71.77504029100237,71.77504029100237,71.78671391599346,72.0699972500006,72.43885387499176,left,-2.0,1,1,0.6535345830052393,949631,001,2025-09-04_10h32.50.641,Adaptive_staircase Experiment 2,,2025.1.1,None,2025-09-04 10h32.53.080502 +0530,
59,0.5,2.0,72.4488059580035,,72.43931412500388,72.4488059580035,72.9364268329955,72.9364268329955,72.940072915997,73.23665345799236,73.56615975000022,right,2.0,1,1,0.6270714169950224,949631,001,2025-09-04_10h32.50.641,Adaptive_staircase Experiment 2,,2025.1.1,None,2025-09-04 10h32.53.080502 +0530,
60,0.5,1.5,73.57499245800136,,73.56663362499967,73.57499245800136,74.05944674999046,74.05944674999046,74.0640936659911,74.36164620799536,74.63952583300124,left,-1.5,1,1,0.5761427089892095,949631,001,2025-09-04_10h32.50.641,Adaptive_staircase Experiment 2,,2025.1.1,None,2025-09-04 10h32.53.080502 +0530,
61,0.5,1.5,74.64476049999939,,74.64016808300221,74.64476049999939,75.13678074999189,75.13678074999189,75.14491670799907,75.42360245800228,75.62219595799979,left,-1.5,0,0,0.47562233300413936,949631,001,2025-09-04_10h32.50.641,Adaptive_staircase Experiment 2,,2025.1.1,None,2025-09-04 10h32.53.080502 +0530,
62,0.5,2.0,75.63069725000241,,75.62272745800146,75.63069725000241,76.11746008299815,76.11746008299815,76.12254308299453,76.41992958300398,76.83896858300432,right,2.0,1,1,0.7170592509937705,949631,001,2025-09-04_10h32.50.641,Adaptive_staircase Experiment 2,,2025.1.1,None,2025-09-04 10h32.53.080502 +0530,
63,0.5,2.0,76.84836216599797,,76.83949899999425,76.84836216599797,77.33618429099442,77.33618429099442,77.33989837499394,77.62256979099766,78.13880120799877,right,2.0,1,1,0.7902636670041829,949631,001,2025-09-04_10h32.50.641,Adaptive_staircase Experiment 2,,2025.1.1,None,2025-09-04 10h32.53.080502 +0530,
64,0.5,2.0,78.14723937500094,,78.1392055000033,78.14723937500094,78.63442887499696,78.63442887499696,78.63915879100387,78.93641999999818,79.25570366600004,left,-2.0,1,1,0.6120098340034019,949631,001,2025-09-04_10h32.50.641,Adaptive_staircase Experiment 2,,2025.1.1,None,2025-09-04 10h32.53.080502 +0530,
65,0.5,1.5,79.26529366600153,,79.25623454099696,79.26529366600153,79.7531089999975,79.7531089999975,79.75733366599889,80.05307475000154,81.44833237500279,left,-1.5,0,0,1.6863131669961149,949631,001,2025-09-04_10h32.50.641,Adaptive_staircase Experiment 2,,2025.1.1,None,2025-09-04 10h32.53.080502 +0530,
66,0.5,2.0,81.45935433299746,,81.44896404100291,81.45935433299746,81.94133349999902,81.94133349999902,81.96134587499546,82.23644720799348,82.68146066599002,right,2.0,1,1,0.7310460839944426,949631,001,2025-09-04_10h32.50.641,Adaptive_staircase Experiment 2,,2025.1.1,None,2025-09-04 10h32.53.080502 +0530,
67,0.5,2.0,82.6924902079918,,82.68205970799318,82.6924902079918,83.17489475000184,83.17489475000184,83.18674133300374,83.46974995799246,84.31479045799642,right,2.0,1,1,1.1324424170015845,949631,001,2025-09-04_10h32.50.641,Adaptive_staircase Experiment 2,,2025.1.1,None,2025-09-04 10h32.53.080502 +0530,
68,0.5,2.0,84.32317262499419,,84.31540712500282,84.32317262499419,84.8094172909914,84.8094172909914,84.81467912500375,85.11139383299451,85.6069128329982,right,2.0,1,1,0.7828236670029582,949631,001,2025-09-04_10h32.50.641,Adaptive_staircase Experiment 2,,2025.1.1,None,2025-09-04 10h32.53.080502 +0530,
69,0.5,1.5,85.61797183299495,,85.60756729099376,85.61797183299495,86.10311899999215,86.10311899999215,86.10693749999336,86.40321533300448,87.19675354099309,left,-1.5,0,0,1.0831072090077214,949631,001,2025-09-04_10h32.50.641,Adaptive_staircase Experiment 2,,2025.1.1,None,2025-09-04 10h32.53.080502 +0530,
70,0.5,2.0,87.20692970800155,,87.19723570799397,87.20692970800155,87.69459800000186,87.69459800000186,87.69814716599649,87.99475429099402,88.29809037499945,left,-2.0,1,1,0.5986216669989517,949631,001,2025-09-04_10h32.50.641,Adaptive_staircase Experiment 2,,2025.1.1,None,2025-09-04 10h32.53.080502 +0530,
71,0.5,2.0,88.30652091599768,,88.29862437499105,88.30652091599768,88.79281408300449,88.79281408300449,88.79760883300332,89.09478745800152,89.51426083299157,left,-2.0,1,1,0.711394833997474,949631,001,2025-09-04_10h32.50.641,Adaptive_staircase Experiment 2,,2025.1.1,None,2025-09-04 10h32.53.080502 +0530,
72,0.5,2.0,89.52354650000052,,89.51477237499785,89.52354650000052,90.01131333300145,90.01131333300145,90.01517137499468,90.31171095799073,90.61320849999902,right,2.0,1,1,0.5948017080081627,949631,001,2025-09-04_10h32.50.641,Adaptive_staircase Experiment 2,,2025.1.1,None,2025-09-04 10h32.53.080502 +0530,
73,0.5,1.5,90.62167500000214,,90.61370274999354,90.62167500000214,91.10582558299939,91.10582558299939,91.11992499999178,91.40306237500045,91.62983504099248,right,1.5,1,1,0.5153109169914387,949631,001,2025-09-04_10h32.50.641,Adaptive_staircase Experiment 2,,2025.1.1,None,2025-09-04 10h32.53.080502 +0530,
74,0.5,1.5,91.63576262499555,,91.63030358299147,91.63576262499555,92.12577162499656,92.12577162499656,92.12577162499656,92.42007924999052,92.62330549999024,right,1.5,1,1,0.49433029200008605,949631,001,2025-09-04_10h32.50.641,Adaptive_staircase Experiment 2,,2025.1.1,None,2025-09-04 10h32.53.080502 +0530,
75,0.5,1.5,92.63165524999204,,92.62377729099535,92.63165524999204,93.11967674999323,93.11967674999323,93.12332033299026,93.4198958749912,93.53850508299365,left,-1.5,0,0,0.41336920799221843,949631,001,2025-09-04_10h32.50.641,Adaptive_staircase Experiment 2,,2025.1.1,None,2025-09-04 10h32.53.080502 +0530,
76,0.5,2.0,93.54848604099243,,93.53902466599538,93.54848604099243,94.03653591599141,94.03653591599141,94.03995829100313,94.33642712500296,94.63073824999447,right,2.0,1,1,0.5805173749977257,949631,001,2025-09-04_10h32.50.641,Adaptive_staircase Experiment 2,,2025.1.1,None,2025-09-04 10h32.53.080502 +0530,
77,0.5,2.0,94.6396378329955,,94.63122437499987,94.6396378329955,95.12427704100264,95.12427704100264,95.13687262499298,95.4203967909998,95.79699541599257,left,-2.0,1,1,0.6627643760002684,949631,001,2025-09-04_10h32.50.641,Adaptive_staircase Experiment 2,,2025.1.1,None,2025-09-04 10h32.53.080502 +0530,
78,0.5,2.0,95.8062873329909,,95.7974697079917,95.8062873329909,96.29205062499386,96.29205062499386,96.29852858299273,96.59486983300303,96.73993362499459,left,-2.0,0,0,0.4389809999993304,949631,001,2025-09-04_10h32.50.641,Adaptive_staircase Experiment 2,,2025.1.1,None,2025-09-04 10h32.53.080502 +0530,
79,0.5,2.5,96.75061312499747,,96.74054149999574,96.75061312499747,97.23650629099575,97.23650629099575,97.2449716659903,97.52457233300083,97.83906870799547,left,-2.5,1,1,0.5944276670052204,949631,001,2025-09-04_10h32.50.641,Adaptive_staircase Experiment 2,,2025.1.1,None,2025-09-04 10h32.53.080502 +0530,
80,0.5,2.5,97.84830229099316,,97.83954629099753,97.84830229099316,98.33630825,98.33630825,98.34001029099454,98.63659279099375,98.93985091599461,right,2.5,1,1,0.5896019580104621,949631,001,2025-09-04_10h32.50.641,Adaptive_staircase Experiment 2,,2025.1.1,None,2025-09-04 10h32.53.080502 +0530,
81,0.5,2.5,98.94724808300089,,98.94036320799205,98.94724808300089,99.43625833299302,99.43625833299302,99.43978970799071,99.73639612499392,100.08859191599186,left,-2.5,1,1,0.6467132090037921,949631,001,2025-09-04_10h32.50.641,Adaptive_staircase Experiment 2,,2025.1.1,None,2025-09-04 10h32.53.080502 +0530,
82,0.5,2.0,100.09790208299819,,100.08914008300053,100.09790208299819,100.58442516600189,100.58442516600189,100.58983387499757,100.88638949999586,101.00678675000381,left,-2.0,0,0,0.4084553760039853,949631,001,2025-09-04_10h32.50.641,Adaptive_staircase Experiment 2,,2025.1.1,None,2025-09-04 10h32.53.080502 +0530,
83,0.5,2.5,101.01752066599147,,101.00742562499363,101.01752066599147,101.50294854099047,101.50294854099047,101.50620537500072,101.80306491599185,102.17275262500334,right,2.5,1,1,0.6569101249915548,949631,001,2025-09-04_10h32.50.641,Adaptive_staircase Experiment 2,,2025.1.1,None,2025-09-04 10h32.53.080502 +0530,
84,0.5,2.5,102.18200262499158,,102.17339845799142,102.18200262499158,102.66395750000083,102.66395750000083,102.6863622910023,102.96152929100208,103.25541262500337,right,2.5,1,1,0.5798565000004601,949631,001,2025-09-04_10h32.50.641,Adaptive_staircase Experiment 2,,2025.1.1,None,2025-09-04 10h32.53.080502 +0530,
85,0.5,2.5,103.26456658299139,,103.25600237499748,103.26456658299139,103.75143391599704,103.75143391599704,103.75565824999649,104.05302641600429,104.44701937500213,left,-2.5,1,1,0.6923949579941109,949631,001,2025-09-04_10h32.50.641,Adaptive_staircase Experiment 2,,2025.1.1,None,2025-09-04 10h32.53.080502 +0530,
86,0.5,2.0,104.45642116600357,,104.44752054099808,104.45642116600357,104.94495199999074,104.94495199999074,104.95303004099696,105.23110637499485,105.5478238749929,right,2.0,1,1,0.5877840000030119,949631,001,2025-09-04_10h32.50.641,Adaptive_staircase Experiment 2,,2025.1.1,None,2025-09-04 10h32.53.080502 +0530,
87,0.5,2.0,105.55656429099326,,105.54833750000398,105.55656429099326,106.0446537079988,106.0446537079988,106.04822108299413,106.34488274999603,106.63848583299841,left,-2.0,1,1,0.5881681260070764,949631,001,2025-09-04_10h32.50.641,Adaptive_staircase Experiment 2,,2025.1.1,None,2025-09-04 10h32.53.080502 +0530,
88,0.5,2.0,106.66211420799664,,106.63894595799502,106.66211420799664,107.1348044579936,107.1348044579936,107.16126129099575,107.43639925000025,107.83924954099348,left,-2.0,1,1,0.6979104589991039,949631,001,2025-09-04_10h32.50.641,Adaptive_staircase Experiment 2,,2025.1.1,None,2025-09-04 10h32.53.080502 +0530,
89,0.5,1.5,107.84759654100344,,107.83963474999473,107.84759654100344,108.33455083299486,108.33455083299486,108.33952424999734,108.63631537499896,108.93075349999708,right,1.5,1,1,0.5821380010020221,949631,001,2025-09-04_10h32.50.641,Adaptive_staircase Experiment 2,,2025.1.1,None,2025-09-04 10h32.53.080502 +0530,
90,0.5,1.5,108.93983200000366,,108.93121999999858,108.93983200000366,109.4232742079912,109.4232742079912,109.43702741600282,109.71967849999783,110.07155483300448,right,1.5,1,1,0.6434555830055615,949631,001,2025-09-04_10h32.50.641,Adaptive_staircase Experiment 2,,2025.1.1,None,2025-09-04 10h32.53.080502 +0530,
91,0.5,1.5,110.07970670799841,,110.07201183299185,110.07970670799841,110.56616129100439,110.56616129100439,110.57834862500022,110.8613734160026,111.29250054099248,right,1.5,1,1,0.7215203329978976,949631,001,2025-09-04_10h32.50.641,Adaptive_staircase Experiment 2,,2025.1.1,None,2025-09-04 10h32.53.080502 +0530,
92,0.5,1.0,111.30210287499358,,111.29296883300412,111.30210287499358,111.79471287499473,111.79471287499473,111.79471287499473,112.08101237499795,112.70516587499878,right,1.0,1,1,0.9039114999904996,949631,001,2025-09-04_10h32.50.641,Adaptive_staircase Experiment 2,,2025.1.1,None,2025-09-04 10h32.53.080502 +0530,
93,0.5,1.0,112.71387054100342,,112.70560899999691,112.71387054100342,113.20303474999673,113.20303474999673,113.20624829099688,113.50324858300155,113.77242174999265,left,-1.0,1,1,0.5605704589979723,949631,001,2025-09-04_10h32.50.641,Adaptive_staircase Experiment 2,,2025.1.1,None,2025-09-04 10h32.53.080502 +0530,
94,0.5,1.0,113.7813577909983,,113.77288608299568,113.7813577909983,114.26964479099843,114.26964479099843,114.27308291599911,114.56963974999962,114.79722079099156,right,1.0,1,1,0.5189525840105489,949631,001,2025-09-04_10h32.50.641,Adaptive_staircase Experiment 2,,2025.1.1,None,2025-09-04 10h32.53.080502 +0530,
95,0.5,1.0,114.80559854100284,,114.79777691599156,114.80559854100284,115.29138958299882,115.29138958299882,115.30372654099483,115.58653320799931,115.78061112499563,left,-1.0,1,1,0.4822203749936307,949631,001,2025-09-04_10h32.50.641,Adaptive_staircase Experiment 2,,2025.1.1,None,2025-09-04 10h32.53.080502 +0530,
96,0.5,1.0,115.78975366600207,,115.78107020800235,115.78975366600207,116.27510416599398,116.27510416599398,116.2812690409919,116.57801687499159,116.64772412499588,right,1.0,1,1,0.36939583299681544,949631,001,2025-09-04_10h32.50.641,Adaptive_staircase Experiment 2,,2025.1.1,None,2025-09-04 10h32.53.080502 +0530,
97,0.5,1.0,116.65527624999231,,116.64835779099667,116.65527624999231,117.1450018750038,117.1450018750038,117.15286066599947,117.43698995799059,117.60601191599562,right,1.0,0,0,0.45846554200397804,949631,001,2025-09-04_10h32.50.641,Adaptive_staircase Experiment 2,,2025.1.1,None,2025-09-04 10h32.53.080502 +0530,
98,0.5,1.5,117.6140393329988,,117.60665495799913,117.6140393329988,118.10129583299567,118.10129583299567,118.10549641599937,118.40301479099435,118.47306312499859,right,1.5,1,1,0.3672240839950973,949631,001,2025-09-04_10h32.50.641,Adaptive_staircase Experiment 2,,2025.1.1,None,2025-09-04 10h32.53.080502 +0530,
99,0.5,1.5,118.48016441600339,,118.47355424999841,118.48016441600339,118.96927533300186,118.96927533300186,118.9717594160029,119.25753729099233,119.72302199999103,right,1.5,1,1,0.7492312499962281,949631,001,2025-09-04_10h32.50.641,Adaptive_staircase Experiment 2,,2025.1.1,None,2025-09-04 10h32.53.080502 +0530,
